-179.75,71.25,-23º,-25.7º,-24.3º,-17.9º,-7.1º,-0.1º,1.8º,1.4º,-1.7º,-8.2º,-15.6º,-22.2º,-11.6,-12.85,false
-179.75,68.75,-26º,-28.7º,-26.7º,-20º,-7.8º,0.1º,3º,1.7º,-1.9º,-10.4º,-18.2º,-25.5º,-13.3,-14.475000000000001,false
-179.75,68.25,-25.9º,-27.6º,-25.9º,-19.3º,-8.6º,0º,2.9º,2º,-1.8º,-9.7º,-17.5º,-24.5º,-12.9,-14.066666666666665,false
-179.75,67.75,-24.1º,-25º,-23.5º,-17.1º,-7.7º,1.2º,4.5º,3.8º,-0.2º,-7.6º,-15.3º,-22.2º,-11,-12.016666666666666,false
-179.75,67.25,-24.8º,-24.8º,-24º,-17.4º,-9.1º,-0.4º,3.4º,3º,-1.6º,-8.4º,-16º,-22.4º,-11.7,-12.85,false
-179.75,66.75,-21º,-20.1º,-20.3º,-13º,-5.8º,2.6º,6.7º,6.8º,1.4º,-5º,-12.4º,-18.2º,-8.1,-8.866666666666669,false
-179.75,66.25,-19.2º,-17.9º,-19.1º,-11º,-4.2º,3.9º,8.2º,8.4º,2.5º,-3.5º,-11º,-16.2º,-6.5,-7.133333333333332,false
-179.75,65.75,-17.9º,-17.5º,-18º,-10.2º,-2.8º,5.2º,9.7º,9.6º,3.9º,-2.8º,-10.5º,-15.9º,-5.6,-6.0666666666666655,false
-179.75,65.25,-17.5º,-18.2º,-17.9º,-10.8º,-2.3º,5.3º,10.1º,9.5º,4.1º,-3.5º,-11.2º,-16.6º,-5.6,-6.216666666666666,false
-179.75,27,27.2º,27º,26.7º,26.1º,25.4º,24.8º,24.8º,25º,25.7º,26.2º,26.7º,20º,undefined,25.46666666666667,false
-179.75,-18.5,-26.9º,-37.9º,-42.7º,-44º,-43.8º,-47.7º,-47.9º,-46.8º,-38º,-27.1º,-18.5º,-36.7º,undefined,-38.166666666666664,false
-179.75,-23.6,-32.5º,-43.8º,-48.4º,-49.6º,-49.5º,-53º,-53.1º,-52.3º,-43.5º,-32.4º,-23.6º,-42.2º,undefined,-43.65833333333333,false
-179.75,-23.1,-32.7º,-44.3º,-48.6º,-49.6º,-49.7º,-52.7º,-52.9º,-52.2º,-43.5º,-32.2º,-23.1º,-42.1º,undefined,-43.633333333333326,false
-179.75,-25.1,-35.3º,-47.3º,-51.4º,-52.1º,-52.4º,-55º,-55.2º,-54.6º,-45.9º,-34.4º,-25º,-44.6º,undefined,-46.099999999999994,false
-179.75,-26.8,-37.6º,-50º,-53.8º,-54.4º,-54.8º,-57º,-57.2º,-56.7º,-48.2º,-36.5º,-26.7º,-46.7º,undefined,-48.300000000000004,false
-179.75,-27.8,-39.1º,-51.8º,-55.5º,-56º,-56.4º,-58.4º,-58.5º,-58.1º,-49.6º,-37.7º,-27.8º,-48.1º,undefined,-49.75,false
-179.75,-28.4,-40.1º,-53º,-56.5º,-57º,-57.4º,-59.2º,-59.3º,-59º,-50.6º,-38.5º,-28.4º,-44º,undefined,-50.25,false
-179.75,-29.1,-41.1º,-54.3º,-57.7º,-58.1º,-58.6º,-60.1º,-60.2º,-60º,-51.5º,-39.3º,-29.1º,-50º,undefined,-51.666666666666664,false
-179.75,-29.1,-41.3º,-54.6º,-58.1º,-58.3º,-58.8º,-60.3º,-60.3º,-60.2º,-51.6º,-39.5º,-29º,-52.2º,undefined,-52.01666666666667,false
-179.75,-28.5,-40.9º,-54.2º,-57.7º,-57.9º,-58.4º,-59.8º,-59.8º,-59.7º,-51.2º,-38.9º,-28.5º,-49.7º,undefined,-51.39166666666667,false
-179.75,-27.7,-40.2º,-53.6º,-57º,-57.2º,-57.7º,-59.1º,-59.1º,-59º,-50.5º,-38.1º,-27.7º,-49º,undefined,-50.68333333333334,false
-179.25,71.25,-23.5º,-26.2º,-24.8º,-18.3º,-7.6º,-0.4º,1.4º,1º,-2.2º,-8.7º,-16.2º,-22.7º,-12.1,-13.358333333333333,false
-179.25,68.75,-24º,-26.6º,-24.7º,-17.9º,-6.3º,2.1º,4.8º,3.6º,-0.1º,-8.4º,-16.1º,-23.2º,-11.4,-12.35,false
-179.25,68.25,-25.4º,-27.3º,-25.4º,-19º,-8.3º,0.3º,3.3º,2.3º,-1.5º,-9.4º,-17.1º,-24.2º,-14.5,-13.85,true
-179.25,67.75,-24.7º,-25.8º,-23.9º,-18º,-8.4º,0.5º,3.7º,3º,-0.9º,-8.3º,-16º,-23º,-11.8,-12.800000000000002,false
-179.25,67.25,-22.5º,-22.6º,-21.3º,-15.4º,-6.9º,2º,5.6º,5.1º,0.9º,-6.1º,-13.6º,-20.2º,-9.5,-10.375000000000002,false
-179.25,66.75,-21.9º,-21.1º,-20.8º,-14.2º,-6.6º,1.8º,5.9º,5.8º,0.8º,-5.8º,-13.1º,-19º,-8.9,-9.758333333333333,false
-179.25,-17.1,-25.6º,-36.6º,-41.4º,-42.6º,-42.6º,-46.3º,-46.6º,-45.5º,-36.7º,-25.8º,-17.1º,-35.3º,undefined,-36.84166666666667,false
-179.25,-23.5,-32.4º,-43.8º,-48.3º,-49.6º,-49.4º,-52.9º,-53.1º,-52.2º,-43.5º,-32.4º,-23.6º,-45.2º,undefined,-43.86666666666667,false
-179.25,-23,-32.5º,-44.1º,-48.4º,-49.4º,-49.4º,-52.6º,-52.7º,-52º,-43.3º,-32º,-22.9º,-42º,undefined,-43.44166666666666,false
-179.25,-25.1,-35.3º,-47.3º,-51.4º,-52.1º,-52.4º,-54.9º,-55.2º,-54.6º,-45.9º,-34.4º,-25º,-44.6º,undefined,-46.09166666666666,false
-179.25,-26.8,-37.6º,-50º,-53.8º,-54.4º,-54.8º,-57º,-57.2º,-56.7º,-48.2º,-36.5º,-26.7º,-46.7º,undefined,-48.300000000000004,false
-179.25,-27.8,-39.1º,-51.8º,-55.4º,-56º,-56.3º,-58.3º,-58.5º,-58.1º,-49.6º,-37.7º,-27.8º,-48.1º,undefined,-49.725,false
-179.25,-28.4,-40.1º,-53º,-56.5º,-56.9º,-57.4º,-59.2º,-59.3º,-59º,-50.6º,-38.5º,-28.4º,-43º,undefined,-50.15833333333333,false
-179.25,-29.1,-41.1º,-54.3º,-57.7º,-58.1º,-58.6º,-60.1º,-60.2º,-60º,-51.5º,-39.3º,-29.1º,-50º,undefined,-51.666666666666664,false
-179.25,-29.1,-41.3º,-54.6º,-58.1º,-58.3º,-58.8º,-60.3º,-60.3º,-60.2º,-51.6º,-39.4º,-29º,-50.2º,undefined,-51.841666666666676,false
-179.25,-28.5,-40.9º,-54.2º,-57.7º,-57.9º,-58.4º,-59.8º,-59.8º,-59.7º,-51.2º,-38.9º,-28.5º,-49.7º,undefined,-51.39166666666667,false
-179.25,-27.7,-40.2º,-53.6º,-57º,-57.2º,-57.7º,-59.1º,-59.1º,-59º,-50.5º,-38.1º,-27.7º,-44º,undefined,-50.26666666666667,false
-178.75,71.25,-23.3º,-25.9º,-24.6º,-17.9º,-7.2º,0º,1.8º,1.3º,-1.8º,-8.5º,-16.1º,-22.5º,-11.9,-13.050000000000002,false
-178.75,68.25,-23.5º,-25.3º,-23.2º,-17.2º,-6.6º,2.1º,5.1º,4.1º,0.4º,-7.4º,-15.1º,-22.3º,-10.7,-11.633333333333333,false
-178.75,67.75,-23.1º,-24.1º,-21.7º,-16.6º,-7º,1.9º,5.2º,4.4º,0.7º,-6.7º,-14.2º,-21.3º,-10.2,-11.058333333333332,false
-178.75,67.25,-21.2º,-21.4º,-19.4º,-14.4º,-5.8º,3.3º,6.8º,6.3º,2.2º,-4.8º,-12.1º,-19º,-8.2,-8.975,false
-178.75,66.75,-22.4º,-21.7º,-20.8º,-14.9º,-7.3º,1.4º,5.4º,5.2º,0.4º,-6º,-13.4º,-19.6º,-9.4,-10.258333333333333,false
-178.75,66.25,-20.3º,-19.3º,-19.4º,-12.5º,-5.2º,3.1º,7.5º,7.4º,2.1º,-4.4º,-11.9º,-17.5º,-7.4,-8.15,false
-178.75,-19.4,-27.8º,-38.8º,-43.6º,-44.9º,-44.8º,-48.5º,-48.8º,-47.7º,-38.9º,-28º,-19.4º,-37.5º,undefined,-39.05833333333333,false
-178.75,-23.1,-32.1º,-43.4º,-47.9º,-49.2º,-49º,-52.5º,-52.7º,-51.8º,-43.1º,-32º,-23.2º,-41.7º,undefined,-43.21666666666667,false
-178.75,-22.8,-32.4º,-43.9º,-48.2º,-49.2º,-49.2º,-52.4º,-52.6º,-51.8º,-43.1º,-31.9º,-22.8º,-41.8º,undefined,-43.275,false
-178.75,-25.1,-35.3º,-47.3º,-51.4º,-52.1º,-52.4º,-54.9º,-55.2º,-54.6º,-45.9º,-34.4º,-25º,-44.6º,undefined,-46.09166666666666,false
-178.75,-26.7,-37.6º,-50º,-53.8º,-54.4º,-54.8º,-57º,-57.2º,-56.7º,-48.2º,-36.5º,-26.7º,-46.7º,undefined,-48.300000000000004,false
-178.75,-27.8,-39.1º,-51.8º,-55.4º,-55.8º,-56.2º,-58.3º,-58.4º,-58.1º,-49.5º,-37.7º,-27.8º,-48.1º,undefined,-49.68333333333334,false
-178.75,-28.4,-40.1º,-53º,-56.5º,-56.9º,-57.4º,-59.2º,-59.3º,-59º,-50.5º,-38.5º,-28.4º,-49º,undefined,-50.65,false
-178.75,-29.1,-41.1º,-54.3º,-57.7º,-58.1º,-58.6º,-60.2º,-60.2º,-60º,-51.5º,-39.3º,-29.1º,-52º,undefined,-51.84166666666667,false
-178.75,-29.1,-41.3º,-54.6º,-58º,-58.2º,-58.8º,-60.3º,-60.3º,-60.1º,-51.6º,-39.4º,-29º,-53.2º,undefined,-52.066666666666684,false
-178.75,-28.5,-40.9º,-54.2º,-57.6º,-57.9º,-58.4º,-59.8º,-59.8º,-59.7º,-51.2º,-38.9º,-28.5º,-49.7º,undefined,-51.38333333333333,false
-178.75,-27.7,-40.2º,-53.6º,-57º,-57.2º,-57.7º,-59.1º,-59.1º,-59º,-50.5º,-38.1º,-27.7º,-49º,undefined,-50.68333333333334,false
-178.25,71.25,-23.7º,-26.2º,-24.9º,-18.1º,-7.5º,-0.2º,1.6º,1.1º,-2.1º,-9º,-16.5º,-22.8º,-12.2,-13.375,false
-178.25,68.25,-24.2º,-25.8º,-23.4º,-17.9º,-7.3º,1.4º,4.4º,3.4º,0º,-7.9º,-15.5º,-22.8º,-11.2,-12.233333333333333,false
-178.25,67.75,-22.3º,-23.3º,-20.4º,-16º,-6.3º,2.9º,6º,5.3º,1.7º,-5.7º,-13.1º,-20.6º,-9.3,-10.091666666666665,false
-178.25,67.25,-22.3º,-22.7º,-19.8º,-15.9º,-7.1º,2.2º,5.6º,5º,1.3º,-5.7º,-12.8º,-20.3º,-9.3,-10.15,false
-178.25,66.75,-23.7º,-23.2º,-21.4º,-16.7º,-8.7º,0.2º,4.1º,3.7º,-0.5º,-7.2º,-14.4º,-21.1º,-10.7,-11.633333333333333,false
-178.25,66.25,-18.8º,-18.2º,-17.3º,-11.5º,-3.9º,4.7º,8.9º,8.6º,3.8º,-2.8º,-10.2º,-16.2º,-5.9,-6.566666666666667,false
-178.25,65.75,-18.1º,-17.8º,-17.3º,-10.8º,-3.2º,4.9º,9.3º,9.1º,3.9º,-2.9º,-10.3º,-15.9º,-5.7,-6.233333333333334,false
-178.25,-19.9,-28.3º,-39.3º,-44.1º,-45.4º,-45.3º,-49º,-49.3º,-48.2º,-39.4º,-28.5º,-19.9º,-38.1º,undefined,-39.56666666666666,false
-178.25,-21.3,-30.3º,-41.6º,-46.1º,-47.3º,-47.2º,-50.7º,-50.9º,-50º,-41.3º,-30.2º,-21.4º,-39.9º,undefined,-41.408333333333324,false
-178.25,-22.7,-32.2º,-43.8º,-48.1º,-49.1º,-49.1º,-52.3º,-52.4º,-51.7º,-43º,-31.7º,-22.6º,-41.7º,undefined,-43.14166666666666,false
-178.25,-25.1,-35.3º,-47.2º,-51.3º,-52º,-52.3º,-54.9º,-55.1º,-54.5º,-45.9º,-34.5º,-25º,-44.5º,undefined,-46.041666666666664,false
-178.25,-26.7,-37.6º,-50º,-53.8º,-54.4º,-54.6º,-57º,-57.1º,-56.7º,-48.1º,-36.5º,-26.6º,-46.7º,undefined,-48.25833333333333,false
-178.25,-27.7,-39.1º,-51.7º,-55.4º,-55.8º,-56.3º,-58.3º,-58.4º,-58º,-49.5º,-37.7º,-27.7º,-48º,undefined,-49.65833333333334,false
-178.25,-28.4,-40.1º,-53º,-56.5º,-56.9º,-57.3º,-59.2º,-59.3º,-59º,-50.5º,-38.5º,-28.4º,-49º,undefined,-50.64166666666666,false
-178.25,-29.1,-41.1º,-54.3º,-57.7º,-58.1º,-58.6º,-60.2º,-60.2º,-60º,-51.5º,-39.3º,-29.1º,-50º,undefined,-51.675000000000004,false
-178.25,-29.1,-41.2º,-54.6º,-58º,-58.2º,-58.8º,-60.2º,-60.3º,-60.1º,-51.6º,-39.4º,-29º,-50.2º,undefined,-51.80000000000001,false
-178.25,-28.5,-40.9º,-54.2º,-57.6º,-57.8º,-58.4º,-59.7º,-59.8º,-59.6º,-51.2º,-38.9º,-28.5º,-49.7º,undefined,-51.35833333333334,false
-178.25,-27.7,-40.2º,-53.6º,-57º,-57.2º,-57.7º,-59.1º,-59.1º,-59º,-50.5º,-38.1º,-27.7º,-49º,undefined,-50.68333333333334,false
-177.75,71.25,-23.1º,-25.4º,-24.2º,-17.3º,-6.7º,0.6º,2.4º,2º,-1.3º,-8.4º,-15.9º,-22.1º,-11.5,-12.575000000000001,false
-177.75,68.25,-23º,-24.6º,-21.7º,-16.9º,-6.4º,2.6º,5.5º,4.5º,1.2º,-6.6º,-14.2º,-21.6º,-10,-10.933333333333332,false
-177.75,67.75,-22.8º,-23.8º,-20.2º,-16.7º,-6.9º,2.4º,5.6º,4.7º,1.5º,-6º,-13.3º,-21º,-9.6,-10.508333333333333,false
-177.75,67.25,-21.5º,-22º,-18.1º,-15.4º,-6.3º,3.1º,6.4º,5.8º,2.5º,-4.5º,-11.5º,-19.4º,-8.4,-9.108333333333334,false
-177.75,66.75,-23.7º,-23.4º,-20.4º,-17.2º,-9º,0.3º,4º,3.6º,-0.1º,-6.8º,-13.9º,-21.2º,-10.5,-11.525,false
-177.75,66.25,-20.3º,-19.6º,-18º,-13.3º,-5.5º,3.3º,7.3º,7º,2.6º,-4º,-11.2º,-17.5º,-7.3,-8.041666666666666,false
-177.75,65.75,-18.9º,-18.5º,-17.7º,-11.8º,-4.1º,4.1º,8.3º,8.2º,3.2º,-3.3º,-10.7º,-16.6º,-6.4,-7.016666666666666,false
-177.75,-19.3,-27.7º,-38.7º,-43.4º,-44.7º,-44.7º,-48.4º,-48.6º,-47.6º,-38.8º,-27.9º,-19.3º,-37.4º,undefined,-38.93333333333333,false
-177.75,-19.4,-28.3º,-39.6º,-44.1º,-45.4º,-45.2º,-48.7º,-48.9º,-48º,-39.3º,-28.2º,-19.4º,-37.9º,undefined,-39.416666666666664,false
-177.75,-22.6,-32.2º,-43.8º,-48.1º,-49.1º,-49.1º,-52.2º,-52.4º,-51.7º,-43º,-31.7º,-22.6º,-45.7º,undefined,-43.46666666666667,false
-177.75,-25,-35.2º,-47.2º,-51.3º,-51.9º,-52.2º,-54.8º,-55.1º,-54.4º,-45.8º,-34.4º,-24.9º,-44.4º,undefined,-45.96666666666667,false
-177.75,-26.7,-37.6º,-49.9º,-53.7º,-54.3º,-54.6º,-56.9º,-57.1º,-56.6º,-48.1º,-36.4º,-26.6º,-46.7º,undefined,-48.20833333333334,false
-177.75,-27.7,-39º,-51.7º,-55.3º,-55.8º,-56.2º,-58.2º,-58.4º,-58º,-49.4º,-37.6º,-27.7º,-48º,undefined,-49.60833333333333,false
-177.75,-28.4,-40.1º,-53º,-56.5º,-56.9º,-57.3º,-59.2º,-59.3º,-59º,-50.5º,-38.5º,-28.4º,-49º,undefined,-50.64166666666666,false
-177.75,-29.1,-41.1º,-54.3º,-57.7º,-58.1º,-58.6º,-60.2º,-60.2º,-60º,-51.5º,-39.3º,-29.1º,-50º,undefined,-51.675000000000004,false
-177.75,-29.1,-41.2º,-54.6º,-58º,-58.2º,-58.8º,-60.2º,-60.2º,-60.1º,-51.6º,-39.4º,-29º,-50.1º,undefined,-51.78333333333334,false
-177.75,-28.4,-40.8º,-54.2º,-57.6º,-57.8º,-58.3º,-59.7º,-59.7º,-59.6º,-51.2º,-38.8º,-28.4º,-49.6º,undefined,-51.30833333333333,false
-177.75,-27.7,-40.2º,-53.6º,-57º,-57.2º,-57.7º,-59.1º,-59.1º,-59º,-50.5º,-38.1º,-27.7º,-49º,undefined,-50.68333333333334,false
-177.25,67.75,-22.6º,-23.6º,-19.4º,-16.8º,-6.9º,2.6º,5.7º,4.8º,1.9º,-5.6º,-12.7º,-20.9º,-9.4,-10.241666666666667,false
-177.25,67.25,-22º,-22.5º,-17.6º,-16.2º,-7º,2.8º,6.1º,5.2º,2.5º,-4.7º,-11.6º,-20º,-8.7,-9.475,false
-177.25,66.75,-21.1º,-21º,-16.6º,-15º,-6.6º,3.1º,6.6º,6.1º,2.9º,-3.9º,-10.7º,-18.8º,-7.8,-8.566666666666668,false
-177.25,66.25,-21.4º,-20.9º,-18.2º,-14.9º,-7º,2.2º,6º,5.6º,1.9º,-4.7º,-11.8º,-18.8º,-8.4,-9.200000000000001,false
-177.25,65.75,-19.1º,-18.7º,-17.3º,-12.3º,-4.7º,3.6º,7.8º,7.5º,3º,-3.4º,-10.5º,-16.7º,-8.7,-7.458333333333333,true
-177.25,51.75,0.6º,0.4º,1.3º,2.5º,4.4º,6.4º,8.7º,9.7º,8.5º,5.9º,3.1º,1.4º,4.5,4.783333333333333,true
-177.25,-18,-26.4º,-37.3º,-42.1º,-43.4º,-43.2º,-47.1º,-47.3º,-46.3º,-37.5º,-26.6º,-18º,-36.1º,undefined,-37.608333333333334,false
-177.25,-17.7,-26.7º,-37.9º,-42.5º,-43.7º,-43.5º,-47º,-47.3º,-46.4º,-37.7º,-26.6º,-17.8º,-36.3º,undefined,-37.78333333333334,false
-177.25,-22.7,-32.3º,-43.9º,-48.1º,-49.1º,-49.1º,-52.3º,-52.5º,-51.7º,-43.1º,-31.8º,-22.7º,-41.7º,undefined,-43.19166666666666,false
-177.25,-24.9,-35.1º,-47.1º,-51.1º,-51.8º,-52º,-54.7º,-55º,-54.3º,-45.7º,-34.3º,-24.8º,-44.3º,undefined,-45.85,false
-177.25,-26.7,-37.5º,-49.9º,-53.7º,-54.3º,-54.7º,-56.9º,-57.1º,-56.6º,-48.1º,-36.4º,-26.6º,-46.6º,undefined,-48.20000000000001,false
-177.25,-27.6,-38.9º,-51.6º,-55.3º,-55.7º,-56.1º,-58.2º,-58.3º,-57.9º,-49.4º,-37.6º,-27.6º,-47.9º,undefined,-49.541666666666664,false
-177.25,-28.4,-40.1º,-53º,-56.5º,-56.9º,-57.4º,-59.2º,-59.3º,-58.9º,-50.5º,-38.5º,-28.4º,-49º,undefined,-50.64166666666666,false
-177.25,-29.1,-41.1º,-54.3º,-57.7º,-58º,-58.6º,-60.2º,-60.2º,-60º,-51.5º,-39.3º,-29.1º,-50º,undefined,-51.666666666666664,false
-177.25,-29.1,-41.2º,-54.5º,-58º,-58.2º,-58.7º,-60.2º,-60.2º,-60.1º,-51.6º,-39.4º,-29º,-50.1º,undefined,-51.76666666666667,false
-177.25,-28.4,-40.8º,-54.2º,-57.6º,-57.7º,-58.3º,-59.7º,-59.7º,-59.6º,-51.1º,-38.8º,-28.4º,-49.6º,undefined,-51.291666666666664,false
-177.25,-27.7,-40.2º,-53.6º,-57º,-57.2º,-57.7º,-59.1º,-59.1º,-59º,-50.5º,-38.1º,-27.7º,-49º,undefined,-50.68333333333334,false
-176.75,67.75,-22.3º,-23.3º,-18.5º,-16.6º,-6.8º,2.8º,6º,5º,2.3º,-5.1º,-12.1º,-20.5º,-9,-9.841666666666665,false
-176.75,67.25,-22.4º,-23º,-17.3º,-16.9º,-7.5º,2.5º,5.7º,4.7º,2.4º,-4.8º,-11.6º,-20.4º,-9.1,-9.80833333333333,false
-176.75,66.75,-22.5º,-22.6º,-16.9º,-16.7º,-8º,1.9º,5.3º,4.7º,2º,-4.8º,-11.8º,-20.2º,-9.1,-9.891666666666666,false
-176.75,66.25,-21.7º,-21.6º,-17.2º,-15.8º,-7.4º,2.1º,5.7º,5.1º,2º,-4.6º,-11.6º,-19.3º,-8.6,-9.408333333333333,false
-176.75,65.75,-20.1º,-20.1º,-17.6º,-14º,-6º,2.4º,6.3º,5.8º,2º,-4.4º,-11.2º,-17.9º,-7.7,-8.541666666666668,false
-176.75,51.75,-0.9º,-1.1º,0.1º,1.4º,3.4º,5.6º,8º,9.1º,7.4º,4.5º,1.6º,-0.1º,3.2,3.516666666666667,true
-176.75,-12.6,-21º,-32º,-36.7º,-38º,-37.9º,-41.7º,-41.9º,-40.9º,-32.1º,-21.3º,-12.6º,-30.7º,undefined,-32.23333333333334,false
-176.75,-17,-25.9º,-37.2º,-41.7º,-43º,-42.8º,-46.3º,-46.5º,-45.6º,-37º,-25.9º,-17.1º,-35.5º,undefined,-37.04166666666667,false
-176.75,-23,-32.5º,-44.1º,-48.3º,-49.3º,-49.3º,-52.5º,-52.7º,-51.9º,-43.3º,-32º,-22.9º,-41.9º,undefined,-43.39166666666666,false
-176.75,-24.8,-34.9º,-46.9º,-51º,-51.7º,-51.9º,-54.5º,-54.8º,-54.2º,-45.6º,-34.2º,-24.7º,-44.2º,undefined,-45.71666666666667,false
-176.75,-26.6,-37.5º,-49.8º,-53.6º,-54.3º,-54.6º,-56.9º,-57º,-56.6º,-48º,-36.4º,-26.5º,-46.6º,undefined,-48.150000000000006,false
-176.75,-27.6,-38.9º,-51.6º,-55.2º,-55.6º,-56º,-58.1º,-58.2º,-57.8º,-49.3º,-37.5º,-27.6º,-47.9º,undefined,-49.475,false
-176.75,-28.4,-40º,-53º,-56.5º,-56.9º,-57.3º,-59.2º,-59.3º,-58.9º,-50.5º,-38.5º,-28.4º,-49º,undefined,-50.62499999999999,false
-176.75,-29.1,-41.1º,-54.3º,-57.7º,-58º,-58.5º,-60.2º,-60.2º,-60.1º,-51.5º,-39.3º,-29.1º,-50º,undefined,-51.666666666666664,false
-176.75,-29.1,-41.2º,-54.5º,-58º,-58.2º,-58.7º,-60.2º,-60.2º,-60.1º,-51.6º,-39.4º,-28.9º,-50.1º,undefined,-51.75833333333333,false
-176.75,-28.4,-40.8º,-54.1º,-57.6º,-57.7º,-58.3º,-59.7º,-59.7º,-59.6º,-51.1º,-38.8º,-28.4º,-49.6º,undefined,-51.28333333333333,false
-176.75,-27.7,-40.2º,-53.6º,-57º,-57.2º,-57.7º,-59.1º,-59.1º,-59º,-50.5º,-38.1º,-27.7º,-49º,undefined,-50.68333333333334,false
-176.25,67.75,-22.4º,-23.5º,-18º,-17.1º,-7.2º,2.6º,5.7º,4.7º,2.3º,-5.1º,-12º,-20.7º,-9.2,-9.991666666666667,false
-176.25,67.25,-22.5º,-23.2º,-16.7º,-17.4º,-7.9º,2.4º,5.5º,4.5º,2.5º,-4.8º,-11.5º,-20.6º,-9.2,-9.908333333333335,false
-176.25,66.75,-22.5º,-22.9º,-15.9º,-17.1º,-8.2º,2.1º,5.4º,4.5º,2.4º,-4.6º,-11.4º,-20.4º,-10,-9.883333333333333,true
-176.25,66.25,-22.7º,-22.9º,-17º,-17.2º,-8.6º,1.4º,4.7º,4º,1.6º,-5.3º,-12.1º,-20.5º,-9.5,-10.341666666666665,false
-176.25,65.75,-19.3º,-19.8º,-16.2º,-13.7º,-5.4º,3º,6.6º,6º,2.9º,-3.5º,-10.2º,-17.3º,-7.1,-7.833333333333333,false
-176.25,15,15.6º,14.6º,12.8º,11.1º,9.2º,8.5º,8.9º,9.5º,10.7º,12.2º,13.7º,11.8º,undefined,11.550000000000002,false
-176.25,15,15.1º,14.5º,12.8º,10.9º,9.4º,8.6º,8.9º,9.6º,10.7º,11.9º,13.8º,11.7º,undefined,11.491666666666667,false
-176.25,-9.9,-18.3º,-29.2º,-34º,-35.3º,-35.1º,-39º,-39.2º,-38.2º,-29.4º,-18.6º,-9.9º,-28º,undefined,-29.516666666666666,false
-176.25,-16.5,-25.5º,-36.7º,-41.2º,-42.5º,-42.4º,-45.8º,-46º,-45.2º,-36.5º,-25.4º,-16.6º,-35º,undefined,-36.56666666666667,false
-176.25,-23.3,-32.7º,-44.4º,-48.6º,-49.6º,-49.6º,-52.8º,-53º,-52.3º,-43.6º,-32.3º,-23.2º,-42.2º,undefined,-43.69166666666667,false
-176.25,-24.7,-34.9º,-46.8º,-50.9º,-51.6º,-51.8º,-54.5º,-54.7º,-54.1º,-45.5º,-34.1º,-24.6º,-44.1º,undefined,-45.63333333333333,false
-176.25,-26.6,-37.5º,-49.8º,-53.6º,-54.2º,-54.5º,-56.8º,-57º,-56.5º,-48º,-36.3º,-26.5º,-46.5º,undefined,-48.1,false
-176.25,-27.5,-38.8º,-51.5º,-55.1º,-55.5º,-55.9º,-58º,-58.2º,-57.8º,-49.2º,-37.4º,-27.5º,-47.8º,undefined,-49.39166666666666,false
-176.25,-28.4,-40º,-53º,-56.5º,-56.9º,-57.3º,-59.1º,-59.2º,-58.9º,-50.5º,-38.4º,-28.4º,-48.9º,undefined,-50.59166666666666,false
-176.25,-29.1,-41.1º,-54.3º,-57.7º,-58º,-58.5º,-60.2º,-60.2º,-60.1º,-51.5º,-39.3º,-29.1º,-53º,undefined,-51.916666666666664,false
-176.25,-29,-41.2º,-54.5º,-58º,-58.2º,-58.7º,-60.2º,-60.2º,-60.1º,-51.5º,-39.4º,-28.9º,-50.1º,undefined,-51.75,false
-176.25,-28.4,-40.8º,-54.1º,-57.5º,-57.7º,-58.3º,-59.7º,-59.7º,-59.6º,-51.1º,-38.8º,-28.4º,-49.6º,undefined,-51.275000000000006,false
-176.25,-27.7,-40.2º,-53.6º,-57º,-57.2º,-57.7º,-59.1º,-59.1º,-59º,-50.5º,-38.1º,-27.7º,-49º,undefined,-50.68333333333334,false
-175.75,67.75,-22.3º,-23.3º,-17.1º,-17.2º,-7.4º,2.7º,5.8º,4.7º,2.8º,-4.7º,-11.6º,-20.5º,-9,-9.758333333333335,false
-175.75,67.25,-22.3º,-22.9º,-15.5º,-17.3º,-7.9º,2.8º,5.8º,4.8º,3.1º,-4.1º,-10.9º,-20.2º,-8.6,-9.433333333333335,false
-175.75,66.75,-22.2º,-22.7º,-14.9º,-17.1º,-7.9º,2.6º,5.8º,4.8º,3.1º,-4º,-10.7º,-20º,-8.6,-9.316666666666668,false
-175.75,66.25,-22.3º,-22.9º,-16.3º,-17.1º,-8.4º,1.6º,4.9º,4º,2º,-4.8º,-11.6º,-20.3º,-9.2,-10.033333333333333,false
-175.75,65.75,-19.4º,-20.4º,-15.5º,-14.4º,-5.7º,3º,6.4º,5.6º,3º,-3.6º,-10º,-17.7º,-7.3,-8,false
-175.75,65.25,-15.1º,-16.6º,-14.1º,-10.2º,-2.1º,4.2º,7.7º,7.4º,3.9º,-2.1º,-7.7º,-13.9º,-4.8,-5.283333333333333,false
-175.75,-15.2,-23.6º,-34.5º,-39.3º,-40.6º,-40.4º,-44.3º,-44.5º,-43.5º,-34.7º,-23.8º,-15.3º,-33.3º,undefined,-34.81666666666667,false
-175.75,-17.2,-26.1º,-37.4º,-41.9º,-43.2º,-43.1º,-46.5º,-46.7º,-45.8º,-37.2º,-26.1º,-17.3º,-35.7º,undefined,-37.25000000000001,false
-175.75,-23.5,-33º,-44.6º,-48.9º,-49.9º,-49.9º,-53.1º,-53.3º,-52.5º,-43.9º,-32.6º,-23.5º,-42.5º,undefined,-43.975,false
-175.75,-24.6,-34.8º,-46.7º,-50.8º,-51.5º,-51.7º,-54.4º,-54.7º,-54º,-45.4º,-34.1º,-24.5º,-47º,undefined,-45.79999999999999,false
-175.75,-26.6,-37.4º,-49.8º,-53.6º,-54.2º,-54.4º,-56.8º,-57º,-56.5º,-48º,-36.3º,-26.5º,-46.5º,undefined,-48.083333333333336,false
-175.75,-27.4,-38.7º,-51.4º,-55º,-55.4º,-55.8º,-57.9º,-58º,-57.7º,-49.1º,-37.3º,-27.4º,-47.7º,undefined,-49.28333333333333,false
-175.75,-28.3,-40º,-52.9º,-56.5º,-56.9º,-57.3º,-59.1º,-59.2º,-58.9º,-50.5º,-38.4º,-28.3º,-48.9º,undefined,-50.574999999999996,false
-175.75,-29.1,-41.1º,-54.3º,-57.7º,-58º,-58.5º,-60.2º,-60.2º,-60.1º,-51.5º,-39.4º,-29.1º,-50º,undefined,-51.675000000000004,false
-175.75,-29,-41.2º,-54.5º,-58º,-58.2º,-58.7º,-60.2º,-60.2º,-60.1º,-51.5º,-39.4º,-28.9º,-50.1º,undefined,-51.75,false
-175.75,-28.4,-40.8º,-54.1º,-57.5º,-57.7º,-58.3º,-59.7º,-59.7º,-59.6º,-51.1º,-38.8º,-28.4º,-49.6º,undefined,-51.275000000000006,false
-175.75,-27.7,-40.2º,-53.6º,-57º,-57.2º,-57.7º,-59.1º,-59.1º,-59º,-50.5º,-38.1º,-27.7º,-49º,undefined,-50.68333333333334,false
-175.25,67.25,-22.3º,-22.9º,-14.8º,-17.4º,-8º,2.8º,5.9º,4.8º,3.4º,-3.8º,-10.5º,-20.2º,-8.5,-9.291666666666666,false
-175.25,66.75,-22.4º,-23º,-14.7º,-17.6º,-8.3º,2.5º,5.7º,4.5º,3.2º,-4º,-10.6º,-20.3º,-8.7,-9.474999999999998,false
-175.25,66.25,-21.1º,-21.9º,-15.3º,-16º,-7.1º,2.7º,6.1º,5º,3.2º,-3.7º,-10.3º,-19º,-8.1,-8.791666666666666,false
-175.25,65.75,-19.5º,-20.8º,-15.8º,-14.6º,-5.8º,2.7º,6.1º,5.2º,2.7º,-3.9º,-10.2º,-17.8º,-7.5,-8.266666666666664,false
-175.25,65.25,-18.4º,-20.2º,-17.5º,-13.6º,-5.4º,0.9º,4.5º,4º,0.7º,-5.3º,-11.1º,-17.2º,-8.2,-8.899999999999999,false
-175.25,-16.7,-25.1º,-36.1º,-40.8º,-42.1º,-41.9º,-45.8º,-46º,-45º,-36.2º,-25.4º,-16.8º,-34.8º,undefined,-36.333333333333336,false
-175.25,-21.4,-30.3º,-41.6º,-46.1º,-47.4º,-47.2º,-50.7º,-50.9º,-50.1º,-41.4º,-30.3º,-21.5º,-39.9º,undefined,-41.449999999999996,false
-175.25,-23.6,-33.3º,-44.8º,-49º,-50.1º,-50.1º,-53.1º,-53.4º,-52.7º,-44º,-32.8º,-23.7º,-42.7º,undefined,-44.14166666666666,false
-175.25,-24.5,-34.7º,-46.7º,-50.7º,-51.4º,-51.6º,-54.3º,-54.6º,-54º,-45.3º,-34º,-24.4º,-44º,undefined,-45.475,false
-175.25,-26.5,-37.4º,-49.7º,-53.5º,-54.1º,-54.4º,-56.7º,-56.9º,-56.5º,-47.9º,-36.3º,-26.4º,-46.5º,undefined,-48.025,false
-175.25,-27.3,-38.6º,-51.2º,-54.9º,-55.3º,-55.7º,-57.8º,-57.9º,-57.5º,-49º,-37.2º,-27.3º,-47.6º,undefined,-49.166666666666664,false
-175.25,-28.3,-40º,-52.9º,-56.4º,-56.8º,-57.2º,-59.1º,-59.2º,-58.9º,-50.5º,-38.4º,-28.3º,-48.9º,undefined,-50.54999999999999,false
-175.25,-29.1,-41.1º,-54.3º,-57.7º,-58º,-58.5º,-60.2º,-60.2º,-60º,-51.5º,-39.4º,-29.1º,-50º,undefined,-51.666666666666664,false
-175.25,-29,-41.3º,-54.5º,-57.9º,-58.1º,-58.7º,-60.2º,-60.2º,-60.1º,-51.5º,-39.3º,-28.9º,-50.1º,undefined,-51.73333333333333,false
-175.25,-28.4,-40.8º,-54.1º,-57.5º,-57.7º,-58.3º,-59.6º,-59.6º,-59.5º,-51.1º,-38.8º,-28.4º,-49.6º,undefined,-51.25000000000001,false
-175.25,-27.7,-40.2º,-53.6º,-57º,-57.2º,-57.7º,-59.1º,-59.1º,-59º,-50.5º,-38.1º,-27.7º,-49º,undefined,-50.68333333333334,false
-174.75,67.25,-22.4º,-22.8º,-14.1º,-17.7º,-8.2º,2.9º,6º,4.7º,3.7º,-3.6º,-10.3º,-20.2º,-9.5,-9.291666666666666,true
-174.75,66.75,-21.9º,-22.6º,-14º,-17.3º,-7.9º,2.9º,6.1º,4.9º,3.7º,-3.4º,-10.1º,-19.9º,-8.3,-8.983333333333333,false
-174.75,66.25,-21.2º,-22.3º,-15.7º,-16.3º,-7.4º,2.4º,5.7º,4.6º,2.9º,-4º,-10.6º,-19.2º,-8.4,-9.125,false
-174.75,65.75,-19.2º,-20.7º,-16º,-14.2º,-5.5º,2.6º,6.1º,5.4º,2.8º,-3.8º,-10.2º,-17.4º,-7.4,-8.125,false
-174.75,65.25,-16.7º,-18.5º,-15.9º,-11.8º,-3.7º,2.7º,6.3º,5.8º,2.5º,-3.4º,-9.3º,-15.4º,-6.4,-6.983333333333335,false
-174.75,-14.4,-22.8º,-33.7º,-38.5º,-39.8º,-39.6º,-43.4º,-43.7º,-42.7º,-33.9º,-23.1º,-14.5º,-32.5º,undefined,-34.016666666666666,false
-174.75,-21.6,-30.5º,-41.7º,-46.2º,-47.5º,-47.3º,-50.8º,-51º,-50.2º,-41.5º,-30.4º,-21.6º,-40º,undefined,-41.55833333333333,false
-174.75,-23.8,-33.4º,-44.9º,-49.1º,-50.2º,-50.1º,-53.2º,-53.5º,-52.8º,-44.1º,-32.9º,-23.8º,-42.8º,undefined,-44.23333333333334,false
-174.75,-24.5,-34.7º,-46.6º,-50.6º,-51.3º,-51.5º,-54.2º,-54.5º,-53.9º,-45.3º,-33.8º,-24.4º,-43.9º,undefined,-45.39166666666666,false
-174.75,-26.5,-37.3º,-49.7º,-53.4º,-54.1º,-54.3º,-56.7º,-56.9º,-56.4º,-47.9º,-36.2º,-26.4º,-46.4º,undefined,-47.974999999999994,false
-174.75,-27.2,-38.5º,-51.1º,-54.8º,-55.2º,-55.6º,-57.7º,-57.8º,-57.4º,-48.9º,-37.1º,-27.2º,-47.5º,undefined,-49.06666666666666,false
-174.75,-28.3,-40º,-52.9º,-56.4º,-56.8º,-57.3º,-59.1º,-59.2º,-58.9º,-50.5º,-38.4º,-28.3º,-48.9º,undefined,-50.55833333333333,false
-174.75,-29.1,-41.2º,-54.3º,-57.7º,-58º,-58.5º,-60.2º,-60.2º,-60º,-51.5º,-39.4º,-29.1º,-50º,undefined,-51.675000000000004,false
-174.75,-29,-41.3º,-54.5º,-57.9º,-58.1º,-58.7º,-60.1º,-60.2º,-60º,-51.5º,-39.2º,-28.9º,-50.1º,undefined,-51.708333333333336,false
-174.75,-28.3,-40.7º,-54.1º,-57.5º,-57.7º,-58.2º,-59.6º,-59.6º,-59.5º,-51.1º,-38.7º,-28.3º,-49.5º,undefined,-51.208333333333336,false
-174.75,-27.7,-40.2º,-53.6º,-57º,-57.2º,-57.7º,-59.1º,-59.1º,-59º,-50.5º,-38.1º,-27.7º,-49º,undefined,-50.68333333333334,false
-174.25,66.25,-20.6º,-21.6º,-15.1º,-15.6º,-6.6º,3º,6.4º,5.4º,3.6º,-3.3º,-9.9º,-18.4º,-7.7,-8.366666666666665,false
-174.25,65.75,-20.4º,-22º,-17.7º,-15.4º,-6.8º,1.1º,4.7º,4º,1.3º,-5.1º,-11.6º,-18.7º,-8.8,-9.616666666666665,false
-174.25,65.25,-18º,-19.8º,-17.3º,-12.9º,-4.8º,1.5º,5.3º,4.8º,1.4º,-4.7º,-10.6º,-16.6º,-7.6,-8.274999999999999,false
-174.25,64.75,-13.8º,-15.9º,-14.1º,-9.3º,-1.4º,3.9º,7.7º,7.4º,3.8º,-2º,-7.4º,-12.9º,-4.3,-4.858333333333333,false
-174.25,-5,-12º,-22º,-27.5º,-29.2º,-28.6º,-33.4º,-33.7º,-32.4º,-23.4º,-13.1º,-5º,-25.2º,undefined,-23.79166666666667,false
-174.25,-13.3,-21.7º,-32.6º,-37.3º,-38.7º,-38.4º,-42.3º,-42.5º,-41.6º,-32.8º,-21.9º,-13.4º,-31.4º,undefined,-32.88333333333333,false
-174.25,-22.8,-31.7º,-42.9º,-47.4º,-48.6º,-48.5º,-52º,-52.2º,-51.4º,-42.7º,-31.6º,-22.8º,-41.2º,undefined,-42.75,false
-174.25,-23.9,-33.5º,-45º,-49.2º,-50.2º,-50.2º,-53.3º,-53.6º,-52.9º,-44.2º,-33º,-23.9º,-42.9º,undefined,-44.324999999999996,false
-174.25,-24.5,-34.7º,-46.6º,-50.6º,-51.3º,-51.5º,-54.2º,-54.5º,-53.9º,-45.3º,-33.8º,-24.4º,-43.9º,undefined,-45.39166666666666,false
-174.25,-26.4,-37.2º,-49.6º,-53.4º,-54º,-54.2º,-56.6º,-56.8º,-56.3º,-47.8º,-36.1º,-26.3º,-46.3º,undefined,-47.88333333333333,false
-174.25,-27.1,-38.4º,-51º,-54.6º,-55.1º,-55.5º,-57.6º,-57.7º,-57.3º,-48.8º,-37º,-27.1º,-47.3º,undefined,-48.949999999999996,false
-174.25,-28.3,-40º,-52.9º,-56.4º,-56.8º,-57.2º,-59.1º,-59.2º,-58.8º,-50.4º,-38.4º,-28.3º,-48.9º,undefined,-50.53333333333333,false
-174.25,-29.1,-41.2º,-54.3º,-57.7º,-58º,-58.6º,-60.2º,-60.2º,-60º,-51.6º,-39.4º,-29.1º,-50º,undefined,-51.69166666666667,false
-174.25,-29,-41.2º,-54.4º,-57.8º,-58.1º,-58.6º,-60.1º,-60.1º,-60º,-51.4º,-39.2º,-28.8º,-50º,undefined,-51.64166666666666,false
-174.25,-28.3,-40.7º,-54.1º,-57.5º,-57.6º,-58.2º,-59.6º,-59.6º,-59.5º,-51º,-38.7º,-28.3º,-49.5º,undefined,-51.19166666666667,false
-174.25,-27.7,-40.2º,-53.6º,-57º,-57.2º,-57.7º,-59.1º,-59.1º,-59º,-50.5º,-38.1º,-27.7º,-49º,undefined,-50.68333333333334,false
-173.75,66.75,-22.3º,-22.8º,-14.4º,-17.6º,-8.3º,2.7º,5.9º,4.5º,3.4º,-3.6º,-10.3º,-20º,-8.6,-9.28333333333333,false
-173.75,66.25,-21.3º,-22.3º,-16.2º,-16.1º,-7.2º,2.2º,5.6º,4.6º,2.7º,-4º,-10.8º,-19º,-8.4,-9.183333333333335,false
-173.75,65.75,-18.5º,-20.1º,-16º,-13.2º,-4.7º,3.1º,6.7º,6º,3.2º,-3.2º,-9.7º,-16.6º,-6.8,-7.483333333333333,false
-173.75,65.25,-16.3º,-18.2º,-15.8º,-11.1º,-3º,3.3º,7.1º,6.6º,3.2º,-2.9º,-9º,-14.8º,-5.8,-6.391666666666667,false
-173.75,64.75,-14.9º,-16.9º,-15.2º,-10.1º,-1.9º,3.5º,7.3º,7º,3.2º,-2.8º,-8.4º,-14º,-5.1,-5.691666666666666,false
-173.75,-14.3,-22.7º,-33.6º,-38.3º,-39.7º,-39.4º,-43.3º,-43.5º,-42.6º,-33.8º,-23º,-14.4º,-32.4º,undefined,-33.891666666666666,false
-173.75,-23.3,-32.2º,-43.4º,-47.9º,-49.1º,-49º,-52.5º,-52.8º,-51.9º,-43.2º,-32.2º,-23.4º,-41.8º,undefined,-43.28333333333333,false
-173.75,-24,-33.6º,-45.1º,-49.3º,-50.3º,-50.3º,-53.4º,-53.7º,-53º,-44.4º,-33.1º,-24º,-43º,undefined,-44.43333333333334,false
-173.75,-24.4,-34.6º,-46.5º,-50.6º,-51.3º,-51.5º,-54.2º,-54.4º,-53.8º,-45.2º,-33.8º,-24.3º,-43.8º,undefined,-45.333333333333336,false
-173.75,-26.3,-37.1º,-49.5º,-53.2º,-53.8º,-54.1º,-56.4º,-56.6º,-56.2º,-47.7º,-36º,-26.2º,-46.2º,undefined,-47.75000000000001,false
-173.75,-27,-38.3º,-50.9º,-54.5º,-55º,-55.4º,-57.5º,-57.6º,-57.2º,-48.7º,-36.9º,-27º,-47.3º,undefined,-48.85833333333333,false
-173.75,-28.3,-39.9º,-52.9º,-56.4º,-56.8º,-57.2º,-59º,-59.1º,-58.8º,-50.4º,-38.3º,-28.3º,-48.8º,undefined,-50.49166666666665,false
-173.75,-29.1,-41.2º,-54.3º,-57.7º,-58º,-58.6º,-60.2º,-60.2º,-60º,-51.6º,-39.4º,-29.1º,-50º,undefined,-51.69166666666667,false
-173.75,-28.9,-41.2º,-54.4º,-57.8º,-58º,-58.6º,-60.1º,-60.1º,-60º,-51.4º,-39.2º,-28.8º,-50º,undefined,-51.63333333333333,false
-173.75,-28.3,-40.7º,-54º,-57.5º,-57.6º,-58.2º,-59.6º,-59.6º,-59.5º,-51º,-38.7º,-28.3º,-49.5º,undefined,-51.18333333333334,false
-173.75,-27.7,-40.2º,-53.6º,-57º,-57.2º,-57.7º,-59.1º,-59.1º,-59º,-50.5º,-38.1º,-27.7º,-49º,undefined,-50.68333333333334,false
-173.25,66.75,-22.2º,-22.7º,-14.7º,-17.3º,-8º,2.6º,5.9º,4.7º,3.5º,-3.5º,-10.3º,-19.7º,-8.5,-9.183333333333332,false
-173.25,66.25,-20.7º,-21.8º,-16.2º,-15.3º,-6.5º,2.6º,6.1º,5.2º,3º,-3.6º,-10.4º,-18.3º,-7.9,-8.65,false
-173.25,65.75,-18.4º,-20.1º,-16.3º,-12.8º,-4.5º,3.1º,6.8º,6.1º,3.2º,-3.2º,-9.8º,-16.3º,-6.8,-7.416666666666667,false
-173.25,65.25,-17.6º,-19.5º,-17.2º,-12.2º,-4.2º,2.1º,5.9º,5.4º,1.9º,-4.2º,-10.3º,-15.9º,-7.1,-7.741666666666668,false
-173.25,64.75,-14.2º,-16.2º,-14.5º,-9.3º,-1.1º,4.3º,8.1º,7.8º,4º,-2º,-7.7º,-13.3º,-4.4,-4.875000000000001,false
-173.25,-15.1,-23.5º,-34.4º,-39.1º,-40.4º,-40.2º,-44º,-44.2º,-43.4º,-34.5º,-23.7º,-15.2º,-33.2º,undefined,-34.65,false
-173.25,-22.7,-31.5º,-42.8º,-47.2º,-48.5º,-48.3º,-51.8º,-52º,-51.2º,-42.6º,-31.5º,-22.7º,-41.1º,undefined,-42.6,false
-173.25,-24.1,-33.7º,-45.2º,-49.4º,-50.5º,-50.5º,-53.5º,-53.8º,-53.1º,-44.5º,-33.2º,-24.1º,-43.1º,undefined,-44.550000000000004,false
-173.25,-24.3,-34.5º,-46.4º,-50.4º,-51.2º,-51.3º,-54º,-54.3º,-53.7º,-45.1º,-33.8º,-24.2º,-43.7º,undefined,-45.21666666666667,false
-173.25,-25.9,-36.6º,-48.8º,-52.7º,-53.3º,-53.6º,-56º,-56.2º,-55.7º,-47.2º,-35.6º,-25.8º,-45.7º,undefined,-47.26666666666667,false
-173.25,-26.9,-38.2º,-50.9º,-54.5º,-54.9º,-55.3º,-57.4º,-57.6º,-57.2º,-48.7º,-36.9º,-26.9º,-47.2º,undefined,-48.80833333333334,false
-173.25,-28.2,-39.9º,-52.8º,-56.3º,-56.7º,-57.1º,-59º,-59.1º,-58.8º,-50.4º,-38.3º,-28.2º,-48.8º,undefined,-50.449999999999996,false
-173.25,-29.1,-41.2º,-54.3º,-57.7º,-58º,-58.6º,-60.2º,-60.2º,-60º,-51.6º,-39.4º,-29.1º,-50º,undefined,-51.69166666666667,false
-173.25,-28.9,-41º,-54.4º,-57.8º,-58º,-58.6º,-60.1º,-60.1º,-59.9º,-51.4º,-39.1º,-28.8º,-50º,undefined,-51.599999999999994,false
-173.25,-28.3,-40.7º,-54º,-57.5º,-57.6º,-58.2º,-59.6º,-59.6º,-59.5º,-51º,-38.7º,-28.3º,-49.5º,undefined,-51.18333333333334,false
-173.25,-27.7,-40.2º,-53.6º,-57º,-57.2º,-57.7º,-59.1º,-59.1º,-59º,-50.5º,-38.1º,-27.7º,-49º,undefined,-50.68333333333334,false
-172.75,66.75,-22.7º,-23.3º,-16.2º,-17.6º,-8.3º,1.6º,5.1º,4º,2.5º,-4.4º,-11.2º,-20.1º,-9.2,-9.983333333333336,false
-172.75,66.25,-20.8º,-22.1º,-17.1º,-15.2º,-6.5º,2.1º,5.7º,4.8º,2.5º,-4º,-10.8º,-18.3º,-8.2,-8.991666666666667,false
-172.75,65.75,-18.5º,-20.1º,-16.8º,-12.6º,-4.5º,2.9º,6.8º,6º,3º,-3.4º,-10.1º,-16.1º,-6.9,-7.525000000000001,false
-172.75,65.25,-16.8º,-18.7º,-16.5º,-11.1º,-3.4º,3º,6.9º,6.3º,2.9º,-3.1º,-9.5º,-14.9º,-6.2,-6.758333333333334,false
-172.75,64.75,-14º,-16.1º,-14.4º,-9.1º,-1.1º,4.4º,8.3º,8º,4.3º,-1.7º,-7.4º,-12.9º,-4.2,-4.658333333333333,false
-172.75,-5.3,-12.5º,-22.7º,-27.9º,-29.6º,-29.2º,-33.6º,-34º,-32.8º,-23.9º,-13.4º,-5.3º,-22.5º,undefined,-23.950000000000003,false
-172.75,-13.9,-22.3º,-33.1º,-37.8º,-39.2º,-39º,-42.8º,-43º,-42.1º,-33.3º,-22.6º,-14º,-32º,undefined,-33.43333333333334,false
-172.75,-22.6,-31.5º,-42.7º,-47.2º,-48.3º,-48.3º,-51.8º,-51.9º,-51.2º,-42.5º,-31.5º,-22.7º,-41º,undefined,-42.55,false
-172.75,-24.2,-33.8º,-45.3º,-49.5º,-50.6º,-50.6º,-53.6º,-54º,-53.2º,-44.6º,-33.4º,-24.2º,-43.2º,undefined,-44.666666666666664,false
-172.75,-24.3,-34.4º,-46.3º,-50.4º,-51.1º,-51.3º,-54º,-54.1º,-53.7º,-45º,-33.7º,-24.2º,-43.6º,undefined,-45.15,false
-172.75,-25.8,-36.4º,-48.7º,-52.5º,-53.2º,-53.4º,-55.8º,-56º,-55.5º,-47º,-35.4º,-25.7º,-45.5º,undefined,-47.09166666666667,false
-172.75,-26.9,-38.2º,-50.8º,-54.4º,-54.9º,-55.3º,-57.3º,-57.5º,-57.1º,-48.6º,-36.8º,-26.9º,-47.1º,undefined,-48.741666666666674,false
-172.75,-28.2,-39.9º,-52.8º,-56.3º,-56.7º,-57.1º,-59º,-59.1º,-58.8º,-50.4º,-38.3º,-28.2º,-48.8º,undefined,-50.449999999999996,false
-172.75,-29.2,-41.2º,-54.3º,-57.7º,-58º,-58.6º,-60.2º,-60.2º,-60º,-51.6º,-39.4º,-29.1º,-50º,undefined,-51.69166666666667,false
-172.75,-28.9,-41º,-54.3º,-57.8º,-58º,-58.6º,-60º,-60.1º,-59.9º,-51.4º,-39.1º,-28.8º,-50º,undefined,-51.58333333333332,false
-172.75,-28.3,-40.7º,-54º,-57.4º,-57.6º,-58.2º,-59.6º,-59.6º,-59.5º,-51º,-38.7º,-28.3º,-49.5º,undefined,-51.175000000000004,false
-172.75,-27.7,-40.2º,-53.6º,-57º,-57.2º,-57.7º,-59.1º,-59.1º,-59º,-50.5º,-38.1º,-27.7º,-49º,undefined,-50.68333333333334,false
-172.25,66.75,-22.2º,-23.1º,-17º,-16.7º,-7.7º,1.6º,5.2º,4.2º,2.4º,-4.3º,-11.2º,-19.5º,-9,-9.775,false
-172.25,66.25,-21.7º,-23.2º,-18.9º,-15.8º,-7.2º,0.8º,4.6º,3.8º,1.2º,-5.1º,-12.1º,-19.1º,-9.3,-10.166666666666666,false
-172.25,65.75,-19.7º,-21.4º,-18.5º,-13.5º,-5.7º,1.6º,5.6º,4.7º,1.6º,-4.7º,-11.6º,-17.1º,-8.1,-8.9,false
-172.25,65.25,-16.2º,-18.1º,-16º,-10.4º,-2.7º,3.7º,7.7º,7º,3.6º,-2.5º,-8.9º,-14.1º,-5.5,-6.033333333333332,false
-172.25,64.75,-14.4º,-16.5º,-14.8º,-9.4º,-1.6º,3.9º,8º,7.6º,4.1º,-1.7º,-7.6º,-12.9º,-4.6,-4.991666666666667,false
-172.25,27.4,27.1º,26.6º,26.5º,25.8º,25º,25.2º,24.7º,25.4º,26.1º,26.5º,27.2º,26.1º,undefined,26.016666666666666,false
-172.25,-5.3,-12.5º,-22.7º,-27.9º,-29.6º,-29.1º,-33.6º,-34º,-32.8º,-23.9º,-13.5º,-5.3º,-22.6º,undefined,-23.95833333333334,false
-172.25,-12.8,-21.1º,-32º,-36.7º,-38.1º,-37.8º,-41.7º,-41.9º,-41º,-32.2º,-21.4º,-12.8º,-30.8º,undefined,-32.291666666666664,false
-172.25,-23.2,-32.1º,-43.3º,-47.7º,-48.9º,-48.8º,-52.2º,-52.5º,-51.8º,-43.1º,-32.1º,-23.2º,-41.6º,undefined,-43.10833333333334,false
-172.25,-24.3,-33.9º,-45.4º,-49.6º,-50.6º,-50.6º,-53.7º,-54º,-53.3º,-44.7º,-33.5º,-24.3º,-43.3º,undefined,-44.74166666666667,false
-172.25,-24.2,-34.4º,-46.3º,-50.3º,-51º,-51.2º,-53.9º,-54.1º,-53.6º,-45º,-33.6º,-24.1º,-43.6º,undefined,-45.09166666666667,false
-172.25,-25.6,-36.3º,-48.5º,-52.3º,-53º,-53.2º,-55.6º,-55.8º,-55.3º,-46.8º,-35.2º,-25.5º,-45.4º,undefined,-46.90833333333333,false
-172.25,-26.8,-38.1º,-50.7º,-54.4º,-54.8º,-55.2º,-57.3º,-57.4º,-57.1º,-48.6º,-36.7º,-26.8º,-47.1º,undefined,-48.68333333333334,false
-172.25,-28.2,-39.9º,-52.8º,-56.3º,-56.7º,-57.1º,-59º,-59º,-58.7º,-50.3º,-38.3º,-28.2º,-48.8º,undefined,-50.425000000000004,false
-172.25,-29.2,-41.2º,-54.3º,-57.7º,-58º,-58.6º,-60.2º,-60.2º,-60º,-51.6º,-39.4º,-29.2º,-50º,undefined,-51.70000000000001,false
-172.25,-28.9,-41º,-54.3º,-57.8º,-58º,-58.5º,-60º,-60º,-59.9º,-51.4º,-39.1º,-28.8º,-49.9º,undefined,-51.55833333333333,false
-172.25,-28.3,-40.7º,-54º,-57.4º,-57.6º,-58.2º,-59.6º,-59.6º,-59.5º,-51º,-38.7º,-28.3º,-49.5º,undefined,-51.175000000000004,false
-172.25,-27.7,-40.2º,-53.6º,-57º,-57.2º,-57.7º,-59.1º,-59.1º,-59º,-50.5º,-38.1º,-27.7º,-49º,undefined,-50.68333333333334,false
-171.75,66.75,-21.9º,-23.1º,-18º,-16.1º,-7.2º,1.5º,5.2º,4.3º,2.1º,-4.3º,-11.3º,-19.1º,-8.9,-9.733333333333334,false
-171.75,66.25,-21.6º,-23.3º,-19.6º,-15.5º,-6.9º,0.6º,4.5º,3.8º,1º,-5.1º,-12.1º,-18.9º,-9.3,-10.2,false
-171.75,65.75,-20.4º,-21.8º,-19.3º,-13.7º,-6.1º,1.1º,5.1º,4.1º,0.9º,-5.4º,-12.2º,-17.3º,-8.7,-9.475000000000001,false
-171.75,-9.6,-18º,-28.8º,-33.5º,-34.9º,-34.6º,-38.4º,-38.6º,-37.8º,-29º,-18.3º,-9.7º,-27.6º,undefined,-29.099999999999998,false
-171.75,-23.3,-32.2º,-43.4º,-47.9º,-49º,-48.9º,-52.3º,-52.6º,-51.9º,-43.2º,-32.2º,-23.4º,-41.7º,undefined,-43.224999999999994,false
-171.75,-24.4,-33.9º,-45.5º,-49.7º,-50.7º,-50.7º,-53.8º,-54.1º,-53.4º,-44.8º,-33.5º,-24.4º,-43.4º,undefined,-44.824999999999996,false
-171.75,-24,-34.2º,-46.1º,-50.1º,-50.9º,-51º,-53.7º,-53.9º,-53.4º,-44.8º,-33.4º,-23.9º,-43.4º,undefined,-44.9,false
-171.75,-25.4,-36º,-48.2º,-52.1º,-52.8º,-53º,-55.4º,-55.6º,-55.1º,-46.6º,-35º,-25.3º,-45.1º,undefined,-46.68333333333334,false
-171.75,-26.8,-38.1º,-50.7º,-54.3º,-54.8º,-55.2º,-57.2º,-57.4º,-57º,-48.5º,-36.7º,-26.8º,-47º,undefined,-48.64166666666666,false
-171.75,-28.2,-39.8º,-52.8º,-56.3º,-56.7º,-57.1º,-58.9º,-59º,-58.7º,-50.3º,-38.2º,-28.2º,-48.7º,undefined,-50.39166666666667,false
-171.75,-29.2,-41.2º,-54.3º,-57.7º,-58º,-58.6º,-60.2º,-60.2º,-60º,-51.6º,-39.4º,-29.2º,-51º,undefined,-51.78333333333334,false
-171.75,-28.9,-41.1º,-54.4º,-57.8º,-58º,-58.6º,-60.1º,-60.1º,-60º,-51.4º,-39.2º,-28.8º,-50º,undefined,-51.625,false
-171.75,-28.3,-40.7º,-54º,-57.4º,-57.6º,-58.2º,-59.5º,-59.6º,-59.4º,-51º,-38.7º,-28.3º,-49.5º,undefined,-51.15833333333333,false
-171.75,-27.7,-40.2º,-53.6º,-57º,-57.2º,-57.7º,-59.1º,-59.1º,-59º,-50.5º,-38.1º,-27.7º,-49º,undefined,-50.68333333333334,false
-171.25,66.25,-20.3º,-22.3º,-19.1º,-14.1º,-5.5º,1.7º,5.7º,5º,2.1º,-3.9º,-11º,-17.7º,-8.1,-8.958333333333334,false
-171.25,-11.9,-20.2º,-31º,-35.7º,-37.1º,-36.8º,-40.6º,-40.9º,-40º,-31.3º,-20.5º,-11.9º,-29.9º,undefined,-31.325,false
-171.25,-23.8,-32.7º,-43.8º,-48.3º,-49.4º,-49.4º,-52.8º,-53º,-52.3º,-43.7º,-32.6º,-23.8º,-42.2º,undefined,-43.666666666666664,false
-171.25,-24.5,-34º,-45.5º,-49.7º,-50.8º,-50.8º,-53.8º,-54.1º,-53.4º,-44.8º,-33.6º,-24.5º,-43.4º,undefined,-44.866666666666674,false
-171.25,-23.8,-34º,-45.9º,-49.9º,-50.6º,-50.8º,-53.5º,-53.7º,-53.2º,-44.6º,-33.3º,-23.7º,-43.2º,undefined,-44.699999999999996,false
-171.25,-25.4,-36.2º,-48.6º,-52.3º,-52.9º,-53.2º,-55.5º,-55.6º,-55.3º,-46.8º,-35.1º,-25.3º,-45.3º,undefined,-46.84166666666667,false
-171.25,-26.8,-38º,-50.6º,-54.2º,-54.7º,-55.1º,-57.2º,-57.3º,-57º,-48.5º,-36.7º,-26.8º,-47º,undefined,-48.59166666666667,false
-171.25,-28.1,-39.8º,-52.7º,-56.2º,-56.6º,-57º,-58.9º,-59º,-58.7º,-50.3º,-38.2º,-28.1º,-48.7º,undefined,-50.35,false
-171.25,-29.2,-41.2º,-54.3º,-57.7º,-58º,-58.6º,-60.2º,-60.2º,-60º,-51.6º,-39.4º,-29.2º,-50º,undefined,-51.70000000000001,false
-171.25,-28.9,-41.2º,-54.4º,-57.8º,-58º,-58.6º,-60º,-60.1º,-59.9º,-51.4º,-39.1º,-28.8º,-50º,undefined,-51.60833333333333,false
-171.25,-28.3,-40.7º,-54º,-57.4º,-57.6º,-58.1º,-59.5º,-59.5º,-59.4º,-51º,-38.7º,-28.3º,-49.5º,undefined,-51.14166666666666,false
-171.25,-27.7,-40.2º,-53.6º,-57º,-57.2º,-57.7º,-59.1º,-59.1º,-59º,-50.5º,-38.1º,-27.7º,-49º,undefined,-50.68333333333334,false
-170.75,66.25,-19.3º,-21.7º,-19.1º,-13.4º,-4.4º,2.3º,6.5º,5.8º,2.9º,-2.9º,-10.1º,-16.9º,-7.4,-8.141666666666667,false
-170.75,65.75,-21.1º,-22.5º,-20.3º,-14º,-6.7º,0.4º,4.5º,3.5º,-0.1º,-6.3º,-13.1º,-17.7º,-9.3,-10.225,false
-170.75,-5.3,-12.5º,-22.7º,-27.9º,-29.6º,-29.1º,-33.6º,-34º,-32.9º,-23.9º,-13.5º,-5.3º,-22.5º,undefined,-23.95833333333334,false
-170.75,-10.1,-18.4º,-29.3º,-33.9º,-35.3º,-35º,-38.9º,-39.1º,-38.2º,-29.5º,-18.7º,-10.1º,-28.1º,undefined,-29.541666666666668,false
-170.75,-23.7,-32.6º,-43.8º,-48.2º,-49.4º,-49.3º,-52.7º,-53º,-52.3º,-43.6º,-32.6º,-23.8º,-42.1º,undefined,-43.616666666666674,false
-170.75,-24.5,-34º,-45.6º,-49.7º,-50.8º,-50.8º,-53.8º,-54.1º,-53.5º,-44.9º,-33.6º,-24.5º,-43.4º,undefined,-44.89166666666667,false
-170.75,-23.5,-33.7º,-45.6º,-49.6º,-50.3º,-50.5º,-53.2º,-53.4º,-52.9º,-44.3º,-32.9º,-23.4º,-42.9º,undefined,-44.39166666666666,false
-170.75,-25.2,-36.1º,-48.4º,-52.2º,-52.8º,-53º,-55.4º,-55.5º,-55.1º,-46.6º,-35º,-25.1º,-45.1º,undefined,-46.69166666666667,false
-170.75,-26.7,-38º,-50.6º,-54.2º,-54.7º,-55.1º,-57.1º,-57.3º,-56.9º,-48.4º,-36.6º,-26.7º,-46.9º,undefined,-48.541666666666664,false
-170.75,-28.1,-39.8º,-52.7º,-56.2º,-56.6º,-57º,-58.9º,-59º,-58.7º,-50.2º,-38.2º,-28.1º,-48.7º,undefined,-50.34166666666667,false
-170.75,-29.2,-41.2º,-54.3º,-57.7º,-58º,-58.5º,-60.2º,-60.2º,-60º,-51.6º,-39.4º,-29.2º,-54º,undefined,-52.025000000000006,false
-170.75,-28.9,-41.1º,-54.4º,-57.8º,-58º,-58.5º,-60º,-60º,-59.9º,-51.4º,-39.1º,-28.8º,-50º,undefined,-51.58333333333332,false
-170.75,-28.2,-40.6º,-54º,-57.4º,-57.6º,-58.1º,-59.5º,-59.5º,-59.4º,-51º,-38.6º,-28.2º,-49.4º,undefined,-51.10833333333333,false
-170.75,-27.7,-40.2º,-53.6º,-57º,-57.2º,-57.7º,-59.1º,-59.1º,-59º,-50.5º,-38.1º,-27.7º,-49º,undefined,-50.68333333333334,false
-170.25,66.25,-19.2º,-22.1º,-20.3º,-14.2º,-4.4º,2º,6.2º,5.5º,2.6º,-2.9º,-9.9º,-17.6º,-7.7,-8.500000000000002,false
-170.25,63.25,-7.7º,-12º,-9.7º,-5.2º,-0.3º,3.2º,8.1º,7.7º,5.5º,1.3º,-3.2º,-5.3º,-1.4,-1.5833333333333333,false
-170.25,-5.3,-12.5º,-22.7º,-27.8º,-29.6º,-29.1º,-33.6º,-34º,-32.9º,-23.9º,-13.5º,-5.3º,-22.5º,undefined,-23.950000000000003,false
-170.25,-11.1,-19.4º,-30.2º,-34.9º,-36.2º,-36º,-39.8º,-40.1º,-39.2º,-30.5º,-19.7º,-11.1º,-29.1º,undefined,-30.51666666666667,false
-170.25,-17,-25.9º,-37.1º,-41.5º,-42.7º,-42.6º,-46º,-46.3º,-45.6º,-36.9º,-25.9º,-17.1º,-35.4º,undefined,-36.916666666666664,false
-170.25,-24.5,-34º,-45.6º,-49.7º,-50.8º,-50.8º,-53.8º,-54.1º,-53.5º,-44.9º,-33.6º,-24.5º,-33.4º,undefined,-44.05833333333334,false
-170.25,-23.2,-33.4º,-45.2º,-49.2º,-50º,-50.2º,-52.8º,-53º,-52.6º,-44º,-32.5º,-23.1º,-42.5º,undefined,-44.041666666666664,false
-170.25,-25.1,-36º,-48.3º,-52º,-52.7º,-52.9º,-55.3º,-55.4º,-55º,-46.5º,-34.9º,-25º,-45º,undefined,-46.583333333333336,false
-170.25,-26.7,-37.9º,-50.5º,-54.1º,-54.6º,-55º,-57.1º,-57.2º,-56.9º,-48.4º,-36.6º,-26.7º,-46.9º,undefined,-48.49166666666667,false
-170.25,-28.1,-39.8º,-52.7º,-56.2º,-56.6º,-57º,-58.8º,-58.9º,-58.6º,-50.2º,-38.2º,-28.1º,-48.7º,undefined,-50.31666666666667,false
-170.25,-29.2,-41.2º,-54.3º,-57.7º,-58º,-58.5º,-60.2º,-60.2º,-60º,-51.6º,-39.4º,-29.2º,-50º,undefined,-51.69166666666667,false
-170.25,-28.9,-41.1º,-54.3º,-57.8º,-58º,-58.4º,-60º,-60º,-59.9º,-51.4º,-39.1º,-28.8º,-49.9º,undefined,-51.558333333333316,false
-170.25,-28.2,-40.6º,-54º,-57.4º,-57.5º,-58.1º,-59.5º,-59.5º,-59.4º,-50.9º,-38.6º,-28.2º,-49.4º,undefined,-51.09166666666667,false
-170.25,-27.7,-40.2º,-53.6º,-57º,-57.2º,-57.7º,-59.1º,-59.1º,-59º,-50.5º,-38.1º,-27.7º,-49º,undefined,-50.68333333333334,false
-169.75,63.25,-7.5º,-11.8º,-10º,-5.3º,-0.5º,3º,7.7º,7.4º,5.4º,1º,-3.3º,-5.2º,-1.5,-1.7166666666666666,false
-169.75,-5.3,-12.5º,-22.7º,-27.8º,-29.6º,-29.1º,-33.6º,-34º,-32.9º,-23.9º,-13.5º,-5.3º,-22.5º,undefined,-23.950000000000003,false
-169.75,-9.8,-18.1º,-28.9º,-33.6º,-34.9º,-34.7º,-38.4º,-38.7º,-37.9º,-29.2º,-18.4º,-9.8º,-27.7º,undefined,-29.191666666666663,false
-169.75,-16.4,-25.3º,-36.5º,-40.9º,-42º,-42º,-45.4º,-45.7º,-45º,-36.3º,-25.3º,-16.4º,-34.8º,undefined,-36.300000000000004,false
-169.75,-24.6,-34.1º,-45.7º,-49.8º,-50.8º,-50.8º,-53.9º,-54.1º,-53.6º,-44.9º,-33.7º,-24.6º,-43.5º,undefined,-44.958333333333336,false
-169.75,-22.9,-33.1º,-45º,-49º,-49.7º,-49.9º,-52.6º,-52.7º,-52.3º,-43.7º,-32.2º,-22.8º,-42.3º,undefined,-43.775,false
-169.75,-25.1,-35.9º,-48.2º,-52º,-52.6º,-52.9º,-55.2º,-55.3º,-55º,-46.5º,-34.8º,-25º,-45º,undefined,-46.53333333333334,false
-169.75,-26.6,-37.9º,-50.5º,-54.1º,-54.5º,-54.9º,-57º,-57.2º,-56.8º,-48.3º,-36.5º,-26.6º,-46.8º,undefined,-48.42499999999999,false
-169.75,-28.1,-39.8º,-52.7º,-56.2º,-56.6º,-57º,-58.8º,-58.9º,-58.6º,-50.2º,-38.2º,-28.1º,-48.6º,undefined,-50.30833333333334,false
-169.75,-29.2,-41.2º,-54.3º,-57.7º,-58º,-58.5º,-60.2º,-60.2º,-60º,-51.6º,-39.4º,-29.2º,-42º,undefined,-51.025000000000006,false
-169.75,-28.9,-41.1º,-54.3º,-57.8º,-58º,-58.4º,-60º,-60º,-59.9º,-51.4º,-39.1º,-28.8º,-49.9º,undefined,-51.558333333333316,false
-169.75,-28.2,-40.6º,-54º,-57.4º,-57.5º,-58.1º,-59.5º,-59.5º,-59.4º,-50.9º,-38.6º,-28.2º,-49.4º,undefined,-51.09166666666667,false
-169.75,-27.7,-40.2º,-53.6º,-57º,-57.2º,-57.7º,-59.1º,-59.1º,-59º,-50.5º,-38.1º,-27.7º,-49º,undefined,-50.68333333333334,false
-169.25,63.25,-5.7º,-9.9º,-8.9º,-4.3º,0.4º,3.9º,8.2º,7.9º,6.3º,1.9º,-2.2º,-3.6º,-0.4,-0.5333333333333338,false
-169.25,-9,-17.3º,-28.1º,-32.7º,-34.1º,-33.9º,-37.6º,-37.9º,-37.1º,-28.4º,-17.6º,-9º,-26.9º,undefined,-28.383333333333336,false
-169.25,-16.2,-25.1º,-36.2º,-40.6º,-41.8º,-41.7º,-45.1º,-45.4º,-44.7º,-36.1º,-25.1º,-16.2º,-34.6º,undefined,-36.050000000000004,false
-169.25,-24.9,-34.4º,-46º,-50.2º,-51.2º,-51.2º,-54.2º,-54.5º,-53.9º,-45.3º,-34.1º,-24.9º,-43.9º,undefined,-45.31666666666666,false
-169.25,-22.3,-32.6º,-44.5º,-48.4º,-49.2º,-49.4º,-52º,-52.2º,-51.8º,-43.2º,-31.7º,-22.3º,-41.8º,undefined,-43.25833333333333,false
-169.25,-25.1,-35.9º,-48.2º,-51.9º,-52.5º,-52.8º,-55.1º,-55.3º,-54.9º,-46.4º,-34.8º,-24.9º,-44.9º,undefined,-46.46666666666667,false
-169.25,-26.6,-37.8º,-50.4º,-54º,-54.5º,-54.9º,-57º,-57º,-56.8º,-48.3º,-36.5º,-26.6º,-46.8º,undefined,-48.38333333333333,false
-169.25,-28,-39.7º,-52.6º,-56.1º,-56.5º,-56.9º,-58.8º,-58.9º,-58.6º,-50.2º,-38.1º,-28º,-48.6º,undefined,-50.25,false
-169.25,-29.1,-41º,-54.1º,-57.5º,-57.8º,-58.3º,-60º,-60.1º,-59.8º,-51.4º,-39.2º,-29.1º,-49.8º,undefined,-51.50833333333333,false
-169.25,-28.9,-41.1º,-54.3º,-57.8º,-58º,-58.4º,-60º,-60º,-59.9º,-51.3º,-39.1º,-28.7º,-49.9º,undefined,-51.541666666666664,false
-169.25,-28.2,-40.6º,-53.9º,-57.4º,-57.5º,-58.1º,-59.5º,-59.5º,-59.4º,-50.9º,-38.6º,-28.2º,-44.4º,undefined,-50.666666666666664,false
-169.25,-27.7,-40.2º,-53.6º,-57º,-57.2º,-57.7º,-59.1º,-59.1º,-59º,-50.5º,-38.1º,-27.7º,-48º,undefined,-50.6,false
-168.75,63.25,-4.9º,-9.1º,-8.5º,-3.9º,0.8º,4.3º,8.3º,8.1º,6.6º,2.2º,-1.8º,-3º,0,-0.07499999999999973,false
-168.75,-8.2,-16.6º,-27.4º,-32º,-33.4º,-33.1º,-36.8º,-37.2º,-36.4º,-27.6º,-16.9º,-8.3º,-26.2º,undefined,-27.65833333333333,false
-168.75,-15.4,-24.3º,-35.4º,-39.8º,-41º,-40.9º,-44.3º,-44.6º,-43.9º,-35.3º,-24.3º,-15.4º,-33.7º,undefined,-35.24166666666667,false
-168.75,-25.2,-34.7º,-46.3º,-50.4º,-51.4º,-51.4º,-54.5º,-54.8º,-54.2º,-45.6º,-34.3º,-25.2º,-44.1º,undefined,-45.57500000000001,false
-168.75,-21.8,-32.1º,-43.9º,-47.8º,-48.6º,-48.8º,-51.5º,-51.7º,-51.2º,-42.7º,-31.2º,-21.8º,-41.2º,undefined,-42.708333333333336,false
-168.75,-25,-35.8º,-48.1º,-51.9º,-52.5º,-52.8º,-55.1º,-55.2º,-54.9º,-46.4º,-34.7º,-24.9º,-44.9º,undefined,-46.43333333333333,false
-168.75,-26.5,-37.8º,-50.4º,-54º,-54.4º,-54.8º,-56.9º,-57º,-56.7º,-48.2º,-36.4º,-26.5º,-46.7º,undefined,-48.31666666666666,false
-168.75,-28,-39.7º,-52.6º,-56.1º,-56.5º,-56.9º,-58.8º,-58.9º,-58.6º,-50.2º,-38.1º,-28º,-48.6º,undefined,-50.25,false
-168.75,-29.1,-41º,-54.1º,-57.5º,-57.8º,-58.3º,-60º,-60.1º,-59.8º,-51.4º,-39.2º,-29.1º,-49.8º,undefined,-51.50833333333333,false
-168.75,-28.8,-41º,-54.3º,-57.7º,-57.9º,-58.4º,-60º,-60º,-59.9º,-51.3º,-39.1º,-28.7º,-49.9º,undefined,-51.51666666666667,false
-168.75,-28.2,-40.6º,-53.9º,-57.4º,-57.5º,-58.1º,-59.5º,-59.5º,-59.4º,-50.9º,-38.6º,-28.2º,-49.4º,undefined,-51.083333333333336,false
-168.75,-27.7,-40.2º,-53.6º,-57º,-57.2º,-57.7º,-59.1º,-59.1º,-59º,-50.5º,-38.1º,-27.7º,-49º,undefined,-50.68333333333334,false
-168.25,53.25,1.7º,0.6º,1.6º,2.7º,4.6º,7.1º,9.7º,10.8º,9.4º,6.3º,3.6º,2.1º,5,5.433333333333333,true
-168.25,-7.2,-15.5º,-26.3º,-30.9º,-32.3º,-32º,-35.8º,-36.1º,-35.3º,-26.6º,-15.8º,-7.2º,-25.1º,undefined,-26.575000000000003,false
-168.25,-18,-26.8º,-38º,-42.3º,-43.5º,-43.4º,-46.8º,-47.1º,-46.4º,-37.8º,-26.8º,-17.9º,-36.3º,undefined,-37.75833333333333,false
-168.25,-25,-34.5º,-46.1º,-50.2º,-51.2º,-51.3º,-54.3º,-54.6º,-54º,-45.4º,-34.2º,-25º,-44º,undefined,-45.4,false
-168.25,-21.5,-31.8º,-43.7º,-47.6º,-48.3º,-48.5º,-51.2º,-51.4º,-51º,-42.4º,-30.9º,-21.5º,-40.9º,undefined,-42.43333333333332,false
-168.25,-24.9,-35.7º,-48.1º,-51.8º,-52.4º,-52.7º,-55º,-55.1º,-54.8º,-46.3º,-34.6º,-24.8º,-44.8º,undefined,-46.341666666666676,false
-168.25,-26.5,-37.7º,-50.3º,-53.9º,-54.4º,-54.8º,-56.9º,-56.9º,-56.7º,-48.2º,-36.4º,-26.5º,-46.7º,undefined,-48.28333333333333,false
-168.25,-28,-39.7º,-52.6º,-56.1º,-56.5º,-56.9º,-58.7º,-58.8º,-58.5º,-50.1º,-38.1º,-28º,-48.6º,undefined,-50.21666666666667,false
-168.25,-29.1,-41º,-54.1º,-57.5º,-57.8º,-58.3º,-60º,-60.1º,-59.8º,-51.4º,-39.2º,-29.1º,-49.8º,undefined,-51.50833333333333,false
-168.25,-28.8,-41º,-54.3º,-57.7º,-57.9º,-58.4º,-59.9º,-60º,-59.9º,-51.3º,-39.1º,-28.7º,-49.9º,undefined,-51.50833333333333,false
-168.25,-28.2,-40.6º,-53.9º,-57.3º,-57.5º,-58.1º,-59.5º,-59.5º,-59.4º,-50.9º,-38.6º,-28.2º,-49.4º,undefined,-51.074999999999996,false
-168.25,-27.7,-40.2º,-53.6º,-57º,-57.2º,-57.7º,-59.1º,-59.1º,-59º,-50.5º,-38.1º,-27.7º,-49º,undefined,-50.68333333333334,false
-167.75,65.75,-16.6º,-18º,-17.6º,-10.9º,-1.5º,5.9º,9.4º,9.5º,6.1º,-0.1º,-7º,-15º,-4.5,-5.0249999999999995,false
-167.75,-17.1,-25.9º,-37.1º,-41.4º,-42.6º,-42.5º,-45.9º,-46.2º,-45.5º,-36.9º,-25.9º,-17.1º,-35.4º,undefined,-36.86666666666667,false
-167.75,-24.6,-34.1º,-45.7º,-49.8º,-50.8º,-50.9º,-53.9º,-54.2º,-53.6º,-45º,-33.8º,-24.6º,-43.5º,undefined,-44.991666666666674,false
-167.75,-21.2,-31.5º,-43.4º,-47.3º,-48.1º,-48.3º,-50.9º,-51.1º,-50.7º,-42.1º,-30.7º,-21.2º,-40.7º,undefined,-42.166666666666664,false
-167.75,-24.8,-35.6º,-47.9º,-51.6º,-52.2º,-52.5º,-54.9º,-55º,-54.6º,-46.1º,-34.5º,-24.7º,-44.6º,undefined,-46.18333333333334,false
-167.75,-26.4,-37.7º,-50.3º,-53.9º,-54.3º,-54.7º,-56.8º,-56.9º,-56.6º,-48.1º,-36.3º,-26.4º,-46.6º,undefined,-48.21666666666667,false
-167.75,-28,-39.7º,-52.6º,-56º,-56.4º,-56.9º,-58.7º,-58.8º,-58.5º,-50.1º,-38.1º,-28º,-48.5º,undefined,-50.19166666666667,false
-167.75,-29.2,-41.2º,-54.3º,-57.7º,-58º,-58.5º,-60.2º,-60.2º,-60º,-51.6º,-39.4º,-29.2º,-50º,undefined,-51.69166666666667,false
-167.75,-28.8,-41º,-54.3º,-57.7º,-57.9º,-58.4º,-59.9º,-60º,-59.8º,-51.3º,-39º,-28.7º,-49.9º,undefined,-51.49166666666667,false
-167.75,-28.2,-40.6º,-53.9º,-57.3º,-57.5º,-58.1º,-59.5º,-59.5º,-59.4º,-50.9º,-38.6º,-28.2º,-49.4º,undefined,-51.074999999999996,false
-167.75,-27.7,-40.2º,-53.6º,-57º,-57.2º,-57.7º,-59.1º,-59.1º,-59º,-50.5º,-38.1º,-27.7º,-48º,undefined,-50.6,false
-167.25,65.75,-17.6º,-18.6º,-17.5º,-10.6º,-1.5º,5.8º,9.4º,9.2º,5.5º,-1º,-8º,-15.3º,-4.9,-5.425000000000001,false
-167.25,-5.4,-12.6º,-22.6º,-27.8º,-29.6º,-29.1º,-33.5º,-33.9º,-32.8º,-24º,-13.6º,-5.4º,-22.5º,undefined,-23.95,false
-167.25,-18.3,-27.2º,-38.3º,-42.7º,-43.9º,-43.8º,-47.2º,-47.5º,-46.8º,-38.2º,-27.2º,-18.3º,-36.7º,undefined,-38.15,false
-167.25,-23.6,-33.2º,-44.7º,-48.8º,-49.8º,-49.9º,-52.9º,-53.2º,-52.6º,-44º,-32.8º,-23.6º,-42.6º,undefined,-44.00833333333333,false
-167.25,-20.9,-31.2º,-43.1º,-47.1º,-47.8º,-48º,-50.7º,-50.9º,-50.4º,-41.8º,-30.4º,-20.9º,-40.4º,undefined,-41.89166666666666,false
-167.25,-24.5,-35.3º,-47.6º,-51.3º,-51.9º,-52.2º,-54.5º,-54.7º,-54.3º,-45.8º,-34.2º,-24.4º,-44.3º,undefined,-45.875,false
-167.25,-26.4,-37.6º,-50.2º,-53.8º,-54.3º,-54.7º,-56.8º,-56.8º,-56.6º,-48.1º,-36.3º,-26.4º,-46.6º,undefined,-48.183333333333344,false
-167.25,-27.9,-39.6º,-52.5º,-56º,-56.4º,-56.8º,-58.7º,-58.8º,-58.5º,-50.1º,-38º,-27.9º,-48.5º,undefined,-50.150000000000006,false
-167.25,-29.2,-41.2º,-54.3º,-57.7º,-58º,-58.5º,-60.2º,-60.2º,-60º,-51.6º,-39.4º,-29.2º,-50º,undefined,-51.69166666666667,false
-167.25,-28.8,-40.9º,-54.3º,-57.7º,-57.9º,-58.3º,-59.9º,-59.9º,-59.8º,-51.3º,-39º,-28.7º,-49.8º,undefined,-51.458333333333336,false
-167.25,-28.2,-40.6º,-53.9º,-57.3º,-57.5º,-58.1º,-59.5º,-59.5º,-59.4º,-50.9º,-38.6º,-28.2º,-49.4º,undefined,-51.074999999999996,false
-167.25,-27.7,-40.2º,-53.6º,-57º,-57.2º,-57.7º,-59.1º,-59.1º,-59º,-50.5º,-38.1º,-27.7º,-49º,undefined,-50.68333333333334,false
-166.75,65.75,-18.5º,-19.1º,-17.5º,-10.3º,-1.6º,5.8º,9.5º,9.2º,5.2º,-1.7º,-8.8º,-15.6º,-5.2,-5.716666666666666,false
-166.75,60.25,-9.2º,-10.1º,-7.7º,-4.4º,1.4º,5.6º,9.2º,9.5º,7.4º,1.9º,-2.4º,-7.5º,-0.4,-0.5583333333333332,false
-166.75,53.75,-0.3º,-0.9º,0.3º,1.3º,3.9º,6.7º,9.7º,10.6º,8.3º,4.8º,1.9º,0.4º,3.9,4.216666666666666,true
-166.75,-16,-24.9º,-36º,-40.4º,-41.5º,-41.5º,-44.9º,-45.2º,-44.5º,-35.9º,-24.9º,-16º,-34.4º,undefined,-35.84166666666666,false
-166.75,-22.2,-31.7º,-43.2º,-47.3º,-48.3º,-48.4º,-51.4º,-51.7º,-51.1º,-42.5º,-31.3º,-22.1º,-41.1º,undefined,-42.50833333333334,false
-166.75,-20.7,-31º,-42.9º,-46.9º,-47.6º,-47.8º,-50.4º,-50.6º,-50.2º,-41.6º,-30.2º,-20.7º,-40.2º,undefined,-41.675,false
-166.75,-24,-34.7º,-46.9º,-50.7º,-51.4º,-51.6º,-54º,-54.1º,-53.8º,-45.3º,-33.7º,-23.9º,-43.8º,undefined,-45.324999999999996,false
-166.75,-26.3,-37.6º,-50.2º,-53.8º,-54.2º,-54.6º,-56.7º,-56.8º,-56.5º,-48º,-36.2º,-26.3º,-46.5º,undefined,-48.11666666666667,false
-166.75,-27.9,-39.6º,-52.5º,-56º,-56.4º,-56.8º,-58.6º,-58.7º,-58.4º,-50.1º,-38º,-27.9º,-48.5º,undefined,-50.125,false
-166.75,-29.2,-41.2º,-54.3º,-57.7º,-58º,-58.5º,-60.2º,-60.2º,-60º,-51.5º,-39.4º,-29.1º,-50º,undefined,-51.675000000000004,false
-166.75,-28.8,-40.9º,-54.2º,-57.7º,-57.9º,-58.3º,-59.9º,-59.9º,-59.8º,-51.3º,-39º,-28.7º,-49.8º,undefined,-51.449999999999996,false
-166.75,-28.2,-40.6º,-53.9º,-57.3º,-57.5º,-58º,-59.4º,-59.4º,-59.3º,-50.9º,-38.6º,-28.2º,-49.4º,undefined,-51.041666666666664,false
-166.75,-27.7,-40.2º,-53.6º,-57º,-57.2º,-57.7º,-59.1º,-59.1º,-59º,-50.5º,-38.1º,-27.7º,-49º,undefined,-50.68333333333334,false
-166.25,65.75,-19.6º,-20º,-18º,-10.8º,-2.1º,5.3º,9.1º,8.6º,4.4º,-2.7º,-10º,-16.4º,-5.9,-6.508333333333334,false
-166.25,65.25,-18.1º,-17.4º,-15.7º,-6.9º,0.2º,8.1º,11.1º,10.5º,6.1º,-1.2º,-8.1º,-14.7º,-3.8,-4.158333333333332,false
-166.25,64.75,-16.5º,-17.1º,-15.1º,-8.2º,0.4º,6.8º,9.9º,9.2º,5.1º,-2.3º,-9º,-14.8º,-4.2,-4.650000000000001,false
-166.25,60.25,-11.7º,-12.4º,-9.5º,-5.7º,0.9º,5.5º,9º,9.4º,6.9º,0.9º,-3.9º,-9.8º,-1.6,-1.833333333333334,false
-166.25,53.75,-1.8º,-2.2º,-1.2º,-0.2º,2.5º,5.3º,8.3º,9.1º,6.8º,3.3º,0.4º,-1º,2.5,2.65,true
-166.25,-15.6,-24.4º,-35.6º,-39.9º,-41.1º,-41º,-44.4º,-44.7º,-44º,-35.5º,-24.4º,-15.6º,-33.9º,undefined,-35.375,false
-166.25,-20.8,-30.3º,-41.8º,-45.9º,-46.9º,-47º,-50º,-50.3º,-49.7º,-41.1º,-29.9º,-20.8º,-39.7º,undefined,-41.11666666666667,false
-166.25,-20.6,-30.9º,-42.8º,-46.7º,-47.4º,-47.6º,-50.3º,-50.5º,-50.1º,-41.5º,-30.1º,-20.6º,-40º,undefined,-41.54166666666667,false
-166.25,-23.7,-34.4º,-46.6º,-50.4º,-51.1º,-51.3º,-53.7º,-53.8º,-53.5º,-45º,-33.4º,-23.6º,-43.5º,undefined,-45.025,false
-166.25,-26.3,-37.5º,-50.1º,-53.7º,-54.2º,-54.6º,-56.7º,-56.7º,-56.5º,-48º,-36.2º,-26.3º,-46.5º,undefined,-48.083333333333336,false
-166.25,-27.8,-39.3º,-52.2º,-55.7º,-56.1º,-56.5º,-58.4º,-58.5º,-58.2º,-49.8º,-37.8º,-27.7º,-48.2º,undefined,-49.86666666666667,false
-166.25,-29.1,-41.2º,-54.3º,-57.7º,-58º,-58.5º,-60.1º,-60.2º,-60º,-51.5º,-39.4º,-29.1º,-50º,undefined,-51.666666666666664,false
-166.25,-28.8,-40.9º,-54.2º,-57.7º,-57.9º,-58.3º,-59.9º,-59.9º,-59.8º,-51.3º,-39º,-28.7º,-49.8º,undefined,-51.449999999999996,false
-166.25,-28.2,-40.6º,-53.9º,-57.3º,-57.5º,-58º,-59.4º,-59.4º,-59.3º,-50.9º,-38.6º,-28.2º,-49.4º,undefined,-51.041666666666664,false
-166.25,-27.7,-40.2º,-53.6º,-57º,-57.2º,-57.7º,-59.1º,-59.1º,-59º,-50.5º,-38.1º,-27.7º,-49º,undefined,-50.68333333333334,false
-165.75,68.75,-21.2º,-22.3º,-19.3º,-13.3º,-2.8º,4.7º,8.9º,8.1º,3.3º,-5.4º,-13.4º,-19.8º,-7.6,-8.341666666666665,false
-165.75,68.25,-20.1º,-21.3º,-18.3º,-12.3º,-1.8º,5.6º,9.9º,9º,4.3º,-4.2º,-12.1º,-18.4º,-9.5,-7.4333333333333345,true
-165.75,66.25,-20.6º,-21.3º,-18.6º,-12.2º,-2.7º,4.5º,9.1º,8.6º,4.6º,-2.7º,-10.6º,-16.5º,-6.4,-7.066666666666667,false
-165.75,65.75,-19.9º,-20.2º,-18º,-10.8º,-2º,5.3º,9.2º,8.7º,4.4º,-3.1º,-10.4º,-16.6º,-6,-6.616666666666666,false
-165.75,65.25,-17.5º,-17.3º,-15.3º,-7.2º,0.6º,8.2º,11.2º,10.5º,6.1º,-1.4º,-8.3º,-14.6º,-3.7,-4.058333333333333,false
-165.75,64.75,-17.1º,-17.9º,-15.8º,-9.1º,-0.1º,6.2º,9º,8.3º,4.1º,-3.5º,-10.2º,-15.8º,-5.1,-5.583333333333332,false
-165.75,61.75,-9.4º,-10.7º,-8.2º,-4.1º,2.7º,7.3º,10.4º,10º,7.2º,1.2º,-3.6º,-7.5º,-0.3,-0.41666666666666646,false
-165.75,60.25,-10.7º,-11.3º,-8.3º,-4.8º,1.6º,6º,9.6º,10º,7.5º,1.6º,-3º,-8.6º,-0.8,-0.9333333333333332,false
-165.75,-15.2,-24.1º,-35.2º,-39.5º,-40.6º,-40.6º,-44º,-44.3º,-43.6º,-35.1º,-24.1º,-15.2º,-33.5º,undefined,-34.98333333333334,false
-165.75,-20.7,-30.2º,-41.7º,-45.8º,-46.8º,-46.9º,-49.9º,-50.2º,-49.6º,-41º,-29.8º,-20.6º,-39.5º,undefined,-41.00000000000001,false
-165.75,-20.4,-30.6º,-42.4º,-46.4º,-47.1º,-47.3º,-50º,-50.2º,-49.8º,-41.2º,-29.9º,-20.4º,-39.8º,undefined,-41.25833333333333,false
-165.75,-23.5,-34.2º,-46.4º,-50.2º,-50.8º,-51.1º,-53.5º,-53.6º,-53.2º,-44.8º,-33.2º,-23.4º,-43.3º,undefined,-44.80833333333334,false
-165.75,-26.3,-37.5º,-50.1º,-53.7º,-54.1º,-54.5º,-56.6º,-56.7º,-56.4º,-47.9º,-36.1º,-26.2º,-46.4º,undefined,-48.01666666666666,false
-165.75,-27.7,-39.3º,-52.1º,-55.6º,-56.1º,-56.5º,-58.4º,-58.5º,-58.2º,-49.8º,-37.8º,-27.7º,-48.2º,undefined,-49.85,false
-165.75,-29.1,-41.1º,-54.3º,-57.7º,-58º,-58.4º,-60.1º,-60.2º,-59.9º,-51.5º,-39.4º,-29.1º,-50º,undefined,-51.64166666666667,false
-165.75,-28.8,-40.9º,-54.2º,-57.7º,-57.9º,-58.3º,-59.9º,-59.9º,-59.8º,-51.2º,-39º,-28.7º,-49.8º,undefined,-51.44166666666666,false
-165.75,-28.2,-40.5º,-53.9º,-57.3º,-57.5º,-58º,-59.4º,-59.4º,-59.3º,-50.9º,-38.6º,-28.1º,-49.3º,undefined,-51.01666666666666,false
-165.75,-27.7,-40.2º,-53.6º,-57º,-57.2º,-57.7º,-59.1º,-59.1º,-59º,-50.5º,-38.1º,-27.7º,-49º,undefined,-50.68333333333334,false
-165.25,68.75,-20.9º,-21.9º,-18.8º,-12.7º,-2º,5.4º,9.7º,8.8º,3.8º,-5.2º,-13.3º,-19.4º,-7.1,-7.8,false
-165.25,68.25,-20.1º,-21.2º,-18.3º,-12.1º,-1.5º,5.8º,10.2º,9.2º,4.3º,-4.4º,-12.6º,-18.6º,-6.5,-7.149999999999999,false
-165.25,66.25,-20.2º,-21º,-18.2º,-11.8º,-2.1º,5.2º,9.6º,9.1º,4.8º,-3º,-10.8º,-16.6º,-6.2,-6.766666666666667,false
-165.25,65.75,-20.2º,-20.6º,-18.2º,-11.2º,-2.1º,5.3º,9º,8.4º,4º,-3.7º,-11.2º,-17.2º,-6.4,-7.008333333333334,false
-165.25,65.25,-17.3º,-17.3º,-15.1º,-7.6º,0.8º,8.2º,11.1º,10.5º,5.9º,-1.8º,-8.8º,-14.7º,-3.8,-4.158333333333334,false
-165.25,64.75,-15.6º,-16.4º,-14.1º,-7.7º,1.5º,7.7º,10.5º,9.7º,5.3º,-2.5º,-9.2º,-14.5º,-3.6,-4.075,false
-165.25,62.25,-12.3º,-13.4º,-9.9º,-5.5º,2.8º,8.3º,11.1º,10.5º,6.8º,0.1º,-5.8º,-9.7º,-1.3,-1.5250000000000006,false
-165.25,61.75,-12º,-12.9º,-9.8º,-5.5º,2.2º,7.2º,10.1º,9.5º,6.2º,-0.3º,-5.7º,-10.1º,-1.7,-1.9000000000000001,false
-165.25,61.25,-9.7º,-10.6º,-7.8º,-3.9º,2.7º,7.4º,10.4º,10.2º,7.4º,1.2º,-3.4º,-8.1º,-0.3,-0.3749999999999998,false
-165.25,-14.9,-23.7º,-34.8º,-39.2º,-40.3º,-40.3º,-43.6º,-44º,-43.3º,-34.7º,-23.7º,-14.8º,-33.2º,undefined,-34.63333333333333,false
-165.25,-24.4,-33.9º,-45.4º,-49.5º,-50.5º,-50.6º,-53.6º,-53.9º,-53.3º,-44.7º,-33.5º,-24.3º,-43.2º,undefined,-44.699999999999996,false
-165.25,-20.2,-30.3º,-42.2º,-46.2º,-46.9º,-47.1º,-49.8º,-50º,-49.6º,-41º,-29.7º,-20.2º,-39.6º,undefined,-41.050000000000004,false
-165.25,-23.4,-34.1º,-46.3º,-50.1º,-50.7º,-51º,-53.4º,-53.5º,-53.1º,-44.7º,-33.1º,-23.3º,-43.2º,undefined,-44.708333333333336,false
-165.25,-26.2,-37.5º,-50.1º,-53.6º,-54.1º,-54.5º,-56.6º,-56.6º,-56.4º,-47.9º,-36.1º,-26.2º,-46.4º,undefined,-48,false
-165.25,-27.8,-39.5º,-52.4º,-55.9º,-56.3º,-56.7º,-58.6º,-58.7º,-58.4º,-50º,-37.9º,-27.8º,-48.4º,undefined,-50.04999999999999,false
-165.25,-29.1,-41.1º,-54.3º,-57.6º,-57.9º,-58.4º,-60.1º,-60.2º,-59.9º,-51.5º,-39.3º,-29.1º,-50º,undefined,-51.61666666666667,false
-165.25,-28.7,-40.9º,-54.2º,-57.6º,-57.9º,-58.3º,-59.9º,-59.9º,-59.8º,-51.2º,-39º,-28.7º,-49.8º,undefined,-51.43333333333333,false
-165.25,-28.1,-40.5º,-53.9º,-57.3º,-57.4º,-58º,-59.4º,-59.4º,-59.3º,-50.9º,-38.5º,-28.1º,-49.3º,undefined,-50.99999999999999,false
-165.25,-27.7,-40.2º,-53.6º,-57º,-57.2º,-57.7º,-59.1º,-59.1º,-59º,-50.5º,-38.1º,-27.7º,-49º,undefined,-50.68333333333334,false
-164.75,68.75,-21.1º,-21.9º,-18.9º,-12.7º,-1.7º,5.6º,10º,9º,3.8º,-5.4º,-13.7º,-19.8º,-7.1,-7.824999999999999,false
-164.75,68.25,-21.1º,-22º,-19º,-12.7º,-2º,5.4º,9.8º,8.8º,3.6º,-5.4º,-13.7º,-19.5º,-7.2,-7.916666666666667,false
-164.75,66.25,-19.8º,-20.5º,-17.5º,-11.3º,-1.2º,6.1º,10.4º,9.7º,5.1º,-3.2º,-11.1º,-16.9º,-5.8,-6.333333333333335,false
-164.75,65.75,-20.5º,-20.8º,-18.1º,-11.5º,-1.9º,5.5º,9.1º,8.4º,3.7º,-4.3º,-12º,-17.7º,-7.6,-7.308333333333334,true
-164.75,65.25,-17.4º,-17.6º,-15.1º,-8º,1º,8.2º,11.1º,10.3º,5.6º,-2.4º,-9.6º,-15.2º,-4,-4.425000000000001,false
-164.75,64.75,-16.2º,-16.8º,-14.3º,-7.7º,1.4º,8º,10.5º,9.6º,5º,-2.9º,-9.8º,-14.9º,-4,-4.341666666666667,false
-164.75,62.75,-15.1º,-15.2º,-10.4º,-7.3º,2.5º,8.4º,11.1º,10.6º,6.4º,-0.4º,-7.3º,-11º,-2.2,-2.491666666666666,false
-164.75,62.25,-14.1º,-14.6º,-10.6º,-6.1º,3.1º,9º,11.6º,10.8º,6.6º,-0.5º,-6.9º,-11.6º,-1.9,-2.0999999999999996,false
-164.75,61.75,-12.6º,-13.3º,-9.7º,-4.9º,3.5º,8.9º,11.6º,10.8º,7º,0º,-5.9º,-10.9º,-1.2,-1.391666666666666,false
-164.75,61.25,-11.5º,-12.1º,-8.5º,-4.3º,3º,8.1º,11º,10.6º,7.3º,0.5º,-4.7º,-9.7º,-0.8,-0.9249999999999998,false
-164.75,60.75,-11.6º,-12º,-8.8º,-5º,1.7º,6.3º,9.4º,9.3º,6.5º,0.2º,-4.7º,-9.6º,-1.5,-1.6499999999999997,false
-164.75,-5.8,-13.3º,-23.5º,-28.4º,-30.1º,-29.6º,-33.9º,-34.2º,-33.3º,-24.6º,-14.1º,-5.7º,-23.1º,undefined,-24.483333333333334,false
-164.75,-15.5,-24.4º,-35.5º,-39.8º,-40.9º,-40.9º,-44.2º,-44.6º,-43.9º,-35.4º,-24.4º,-15.5º,-33.8º,undefined,-35.275,false
-164.75,-22.3,-31.8º,-43.3º,-47.4º,-48.4º,-48.5º,-51.5º,-51.8º,-51.2º,-42.6º,-31.4º,-22.2º,-41.1º,undefined,-42.6,false
-164.75,-19.9,-30.1º,-42.1º,-46º,-46.7º,-46.9º,-49.6º,-49.8º,-49.4º,-40.8º,-29.5º,-19.9º,-39.4º,undefined,-40.85,false
-164.75,-23.3,-34.1º,-46.2º,-50º,-50.7º,-50.9º,-53.3º,-53.4º,-53.1º,-44.6º,-33º,-23.2º,-43.1º,undefined,-44.63333333333333,false
-164.75,-26.1,-37.3º,-49.9º,-53.5º,-54º,-54.4º,-56.5º,-56.5º,-56.3º,-47.8º,-36º,-26.1º,-46.3º,undefined,-47.88333333333333,false
-164.75,-27.8,-39.5º,-52.4º,-55.9º,-56.3º,-56.7º,-58.5º,-58.6º,-58.3º,-49.8º,-37.9º,-27.8º,-48.4º,undefined,-50.00833333333333,false
-164.75,-29.1,-41.1º,-54.3º,-57.6º,-57.9º,-58.4º,-60.1º,-60.2º,-59.9º,-51.5º,-39.3º,-29.1º,-49.9º,undefined,-51.60833333333333,false
-164.75,-28.7,-40.9º,-54.2º,-57.6º,-57.8º,-58.3º,-59.9º,-59.9º,-59.8º,-51.2º,-39º,-28.7º,-49.8º,undefined,-51.42499999999999,false
-164.75,-28.1,-40.5º,-53.9º,-57.3º,-57.4º,-58º,-59.4º,-59.4º,-59.3º,-50.8º,-38.5º,-28.1º,-49.3º,undefined,-50.99166666666667,false
-164.75,-27.7,-40.2º,-53.6º,-57º,-57.2º,-57.7º,-59.1º,-59.1º,-59º,-50.5º,-38.1º,-27.7º,-49º,undefined,-50.68333333333334,false
-164.25,68.75,-21.2º,-21.9º,-18.9º,-12.5º,-1.4º,5.9º,10.3º,9.3º,3.9º,-5.6º,-14º,-20º,-7.1,-7.766666666666667,false
-164.25,68.25,-21º,-21.9º,-18.9º,-12.6º,-1.6º,5.8º,10.2º,9.2º,3.8º,-5.6º,-14º,-19.8º,-7.1,-7.791666666666665,false
-164.25,67.75,-19.7º,-20.7º,-17.7º,-11.4º,-0.6º,6.8º,11.3º,10.3º,4.9º,-4.3º,-12.6º,-18.3º,-6,-6.5,false
-164.25,66.25,-19.7º,-20.3º,-17.2º,-11.2º,-0.5º,6.8º,11º,10.1º,5.1º,-3.5º,-11.7º,-17.3º,-5.6,-6.166666666666667,false
-164.25,65.75,-21.1º,-21.3º,-18.3º,-12º,-1.8º,5.6º,9.2º,8.3º,3.3º,-5.2º,-13º,-18.5º,-7,-7.650000000000001,false
-164.25,65.25,-19.5º,-19.5º,-16.7º,-9.9º,-0.5º,6.8º,9.5º,8.6º,3.6º,-4.7º,-12.1º,-17.3º,-5.9,-6.466666666666669,false
-164.25,64.75,-16.4º,-16.5º,-13.7º,-6.7º,2.2º,9.2º,11.4º,10.3º,5.3º,-2.9º,-10º,-14.8º,-3.5,-3.8416666666666663,false
-164.25,62.75,-17.7º,-17º,-11º,-8.5º,2º,9º,11.4º,10.9º,6.1º,-1.4º,-8.8º,-13.3º,-3.1,-3.450000000000001,false
-164.25,62.25,-14.9º,-14.9º,-11.2º,-6.1º,3.5º,9.5º,12º,10.9º,6.5º,-1º,-7.5º,-13º,-2.1,-2.358333333333334,false
-164.25,61.75,-13.8º,-14.2º,-10.2º,-5.1º,3.9º,9.6º,12.1º,11.1º,7º,-0.6º,-6.8º,-12.4º,-1.5,-1.741666666666667,false
-164.25,61.25,-12.9º,-13.2º,-9º,-4.5º,3.5º,8.9º,11.5º,11º,7.2º,0º,-5.8º,-11º,-1.1,-1.2833333333333334,false
-164.25,60.75,-11.6º,-11.6º,-8.1º,-3.9º,3.3º,8.2º,11.1º,10.7º,7.5º,0.8º,-4.6º,-9.6º,-0.6,-0.6999999999999997,false
